Script started on 2026-08-04 18:36:04-07:00 [COMMAND="PATH="/tmp/domes-precommit-bin:$PATH" scripts/verify.sh --component firmware --component tooling --component docs" <not executed on terminal>]
Verification selection (scoped):
  SKIP protocol: not selected for this scope
  RUN  host_firmware: component: firmware
  SKIP cli: not selected for this scope
  RUN  host_tooling: component: docs; component: firmware; component: tooling
  SKIP flutter: not selected for this scope
  RUN  firmware: component: firmware
=== DOMES Local Verification ===

--- Generated Protocol Bindings ---
[1;33mSKIP[0m Generated Protocol Bindings (not selected)

--- Host Firmware Tests ---
-- The CXX compiler identification is GNU 15.2.1
-- The C compiler identification is GNU 15.2.1
-- Detecting CXX compiler ABI info
-- Detecting CXX compiler ABI info - done
-- Check for working CXX compiler: /usr/bin/c++ - skipped
-- Detecting CXX compile features
-- Detecting CXX compile features - done
-- Detecting C compiler ABI info
-- Detecting C compiler ABI info - done
-- Check for working C compiler: /usr/bin/cc - skipped
-- Detecting C compile features
-- Detecting C compile features - done
-- Found Python3: /usr/bin/python3 (found version "3.14.3") found components: Interpreter 
-- Looking for pthread.h
-- Looking for pthread.h - found
-- Performing Test CMAKE_HAVE_LIBC_PTHREAD
-- Performing Test CMAKE_HAVE_LIBC_PTHREAD - Success
-- Found Threads: TRUE  
-- Configuring done
-- Generating done
-- Build files have been written to: /tmp/tmp.mPyyQwp3UA/host-test-build
[  1%] Building CXX object _deps/googletest-build/googletest/CMakeFiles/gtest.dir/src/gtest-all.cc.o
[  3%] Building CXX object common/CMakeFiles/domes_common.dir/protocol/otaProtocol.cpp.o
[  5%] Building C object common/CMakeFiles/domes_common.dir/home/pncosta/domes/.worktrees/qemu-feasibility/firmware/third_party/nanopb/pb_decode.c.o
[  9%] Building C object common/CMakeFiles/domes_common.dir/proto/config.pb.c.o
[  9%] Building C object common/CMakeFiles/domes_common.dir/proto/trace.pb.c.o
[ 11%] Building C object common/CMakeFiles/domes_common.dir/home/pncosta/domes/.worktrees/qemu-feasibility/firmware/third_party/nanopb/pb_common.c.o
[ 13%] Building C object common/CMakeFiles/domes_common.dir/home/pncosta/domes/.worktrees/qemu-feasibility/firmware/third_party/nanopb/pb_encode.c.o
[ 15%] Linking CXX static library libdomes_common.a
[ 15%] Built target domes_common
[ 22%] Building CXX object CMakeFiles/trace_generator.dir/home/pncosta/domes/.worktrees/qemu-feasibility/firmware/domes/main/game/gameEngine.cpp.o
[ 22%] Building CXX object CMakeFiles/trace_generator.dir/home/pncosta/domes/.worktrees/qemu-feasibility/firmware/domes/main/trace/traceDumpSnapshot.cpp.o
[ 22%] Building CXX object CMakeFiles/trace_generator.dir/home/pncosta/domes/.worktrees/qemu-feasibility/firmware/domes/main/config/modeManager.cpp.o
[ 22%] Building CXX object CMakeFiles/trace_generator.dir/home/pncosta/domes/.worktrees/qemu-feasibility/firmware/domes/main/config/featureManager.cpp.o
[ 24%] Building CXX object CMakeFiles/trace_generator.dir/sim/hostTraceBuffer.cpp.o
[ 26%] Building CXX object CMakeFiles/trace_generator.dir/main/generate_trace.cpp.o
[ 28%] Building CXX object CMakeFiles/trace_generator.dir/home/pncosta/domes/.worktrees/qemu-feasibility/firmware/domes/main/trace/traceCommandHandler.cpp.o
[ 30%] Building CXX object CMakeFiles/trace_generator.dir/home/pncosta/domes/.worktrees/qemu-feasibility/firmware/domes/main/trace/traceRecorder.cpp.o
[ 32%] Linking CXX executable trace_generator
[ 32%] Built target trace_generator
[ 33%] Linking CXX static library ../../../lib/libgtest.a
[ 33%] Built target gtest
[ 35%] Building CXX object _deps/googletest-build/googletest/CMakeFiles/gtest_main.dir/src/gtest_main.cc.o
[ 37%] Building CXX object _deps/googletest-build/googlemock/CMakeFiles/gmock.dir/src/gmock-all.cc.o
[ 39%] Linking CXX static library ../../../lib/libgtest_main.a
[ 39%] Built target gtest_main
[ 41%] Linking CXX static library ../../../lib/libgmock.a
[ 41%] Built target gmock
[ 43%] Building CXX object _deps/googletest-build/googlemock/CMakeFiles/gmock_main.dir/src/gmock_main.cc.o
[ 47%] Building CXX object CMakeFiles/test_app.dir/main/test_main.cpp.o
[ 47%] Building CXX object CMakeFiles/test_app.dir/main/test_ota_state_machine.cpp.o
[ 49%] Building CXX object CMakeFiles/test_app.dir/main/test_crc32.cpp.o
[ 50%] Building CXX object CMakeFiles/test_app.dir/main/test_esp_now_protocol.cpp.o
[ 54%] Building CXX object CMakeFiles/test_app.dir/main/test_frame_codec.cpp.o
[ 54%] Building CXX object CMakeFiles/test_app.dir/main/test_ota_protocol.cpp.o
[ 56%] Building CXX object CMakeFiles/test_app.dir/main/test_ota_session_coordinator.cpp.o
[ 58%] Building CXX object CMakeFiles/test_app.dir/main/test_version_parser.cpp.o
[ 60%] Building CXX object CMakeFiles/test_app.dir/main/test_release_metadata.cpp.o
[ 62%] Building CXX object CMakeFiles/test_app.dir/main/test_restart_snapshot_record.cpp.o
[ 64%] Building CXX object CMakeFiles/test_app.dir/main/test_config_protocol.cpp.o
[ 66%] Building CXX object CMakeFiles/test_app.dir/main/test_feature_manager.cpp.o
[ 67%] Building CXX object CMakeFiles/test_app.dir/main/test_mode_manager.cpp.o
[ 69%] Building CXX object CMakeFiles/test_app.dir/main/test_game_engine.cpp.o
[ 71%] Building CXX object CMakeFiles/test_app.dir/main/test_trace_buffer.cpp.o
[ 73%] Building CXX object CMakeFiles/test_app.dir/main/test_trace_command_handler.cpp.o
[ 75%] Building CXX object CMakeFiles/test_app.dir/main/test_trace_stream_writer.cpp.o
[ 77%] Building CXX object CMakeFiles/test_app.dir/main/test_multi_pod_sim.cpp.o
[ 79%] Building CXX object CMakeFiles/test_app.dir/main/test_sim_drill.cpp.o
[ 81%] Building CXX object CMakeFiles/test_app.dir/home/pncosta/domes/.worktrees/qemu-feasibility/firmware/domes/main/config/featureManager.cpp.o
[ 83%] Building CXX object CMakeFiles/test_app.dir/home/pncosta/domes/.worktrees/qemu-feasibility/firmware/domes/main/config/modeManager.cpp.o
[ 84%] Building CXX object CMakeFiles/test_app.dir/home/pncosta/domes/.worktrees/qemu-feasibility/firmware/domes/main/services/firmwareVersion.cpp.o
[ 86%] Building CXX object CMakeFiles/test_app.dir/home/pncosta/domes/.worktrees/qemu-feasibility/firmware/domes/main/services/releaseMetadata.cpp.o
[ 88%] Building CXX object CMakeFiles/test_app.dir/home/pncosta/domes/.worktrees/qemu-feasibility/firmware/domes/main/game/gameEngine.cpp.o
[ 90%] Linking CXX static library ../../../lib/libgmock_main.a
[ 92%] Building CXX object CMakeFiles/test_app.dir/sim/hostTraceBuffer.cpp.o
[ 94%] Building CXX object CMakeFiles/test_app.dir/home/pncosta/domes/.worktrees/qemu-feasibility/firmware/domes/main/trace/traceDumpSnapshot.cpp.o
[ 94%] Built target gmock_main
[ 96%] Building CXX object CMakeFiles/test_app.dir/home/pncosta/domes/.worktrees/qemu-feasibility/firmware/domes/main/trace/traceCommandHandler.cpp.o
[ 98%] Building CXX object CMakeFiles/test_app.dir/home/pncosta/domes/.worktrees/qemu-feasibility/firmware/domes/main/trace/traceRecorder.cpp.o
[100%] Linking CXX executable test_app
[100%] Built target test_app
Internal ctest changing into directory: /tmp/tmp.mPyyQwp3UA/host-test-build
Test project /tmp/tmp.mPyyQwp3UA/host-test-build
        Start   1: Crc32.EmptyBufferReturns0x00000000
  1/283 Test   #1: Crc32.EmptyBufferReturns0x00000000 ...................................................................................   Passed    0.00 sec
        Start   2: Crc32.Of123456789MatchesIEEE802_3CheckValue
  2/283 Test   #2: Crc32.Of123456789MatchesIEEE802_3CheckValue ..........................................................................   Passed    0.00 sec
        Start   3: Crc32.SingleByte0x00
  3/283 Test   #3: Crc32.SingleByte0x00 .................................................................................................   Passed    0.00 sec
        Start   4: Crc32.SingleByte0xFF
  4/283 Test   #4: Crc32.SingleByte0xFF .................................................................................................   Passed    0.00 sec
        Start   5: Crc32.AllZeros4Bytes
  5/283 Test   #5: Crc32.AllZeros4Bytes .................................................................................................   Passed    0.00 sec
        Start   6: Crc32.AllOnes4Bytes
  6/283 Test   #6: Crc32.AllOnes4Bytes ..................................................................................................   Passed    0.00 sec
        Start   7: Crc32.IncrementalMatchesSingleShot
  7/283 Test   #7: Crc32.IncrementalMatchesSingleShot ...................................................................................   Passed    0.00 sec
        Start   8: Crc32.IncrementalByteByByteMatchesSingleShot
  8/283 Test   #8: Crc32.IncrementalByteByByteMatchesSingleShot .........................................................................   Passed    0.00 sec
        Start   9: Crc32.DifferentDataProducesDifferentCRC
  9/283 Test   #9: Crc32.DifferentDataProducesDifferentCRC ..............................................................................   Passed    0.00 sec
        Start  10: Crc32.DetectsSingleBitFlip
 10/283 Test  #10: Crc32.DetectsSingleBitFlip ...........................................................................................   Passed    0.00 sec
        Start  11: Crc32.LargeBuffer
 11/283 Test  #11: Crc32.LargeBuffer ....................................................................................................   Passed    0.00 sec
        Start  12: EncodeFrame.MinimalFrameNoPayload
 12/283 Test  #12: EncodeFrame.MinimalFrameNoPayload ....................................................................................   Passed    0.00 sec
        Start  13: EncodeFrame.WithPayload
 13/283 Test  #13: EncodeFrame.WithPayload ..............................................................................................   Passed    0.00 sec
        Start  14: EncodeFrame.BufferTooSmallReturnsError
 14/283 Test  #14: EncodeFrame.BufferTooSmallReturnsError ...............................................................................   Passed    0.00 sec
        Start  15: EncodeFrame.PayloadTooLargeReturnsError
 15/283 Test  #15: EncodeFrame.PayloadTooLargeReturnsError ..............................................................................   Passed    0.00 sec
        Start  16: EncodeFrame.MaxPayloadSizeSucceeds
 16/283 Test  #16: EncodeFrame.MaxPayloadSizeSucceeds ...................................................................................   Passed    0.00 sec
        Start  17: FrameDecoder.InitialStateIsWaitStart0
 17/283 Test  #17: FrameDecoder.InitialStateIsWaitStart0 ................................................................................   Passed    0.00 sec
        Start  18: FrameDecoder.DetectsStartBytes
 18/283 Test  #18: FrameDecoder.DetectsStartBytes .......................................................................................   Passed    0.00 sec
        Start  19: FrameDecoder.Handles0xAA0xAA0x55Sequence
 19/283 Test  #19: FrameDecoder.Handles0xAA0xAA0x55Sequence .............................................................................   Passed    0.00 sec
        Start  20: FrameDecoder.RejectsNonStartByteAfter0xAA
 20/283 Test  #20: FrameDecoder.RejectsNonStartByteAfter0xAA ............................................................................   Passed    0.00 sec
        Start  21: FrameDecoder.RejectsZeroLength
 21/283 Test  #21: FrameDecoder.RejectsZeroLength .......................................................................................   Passed    0.00 sec
        Start  22: FrameDecoder.RejectsOversizedLength
 22/283 Test  #22: FrameDecoder.RejectsOversizedLength ..................................................................................   Passed    0.00 sec
        Start  23: FrameDecoder.ResetClearsState
 23/283 Test  #23: FrameDecoder.ResetClearsState ........................................................................................   Passed    0.00 sec
        Start  24: FrameDecoder.DetectsCRCMismatch
 24/283 Test  #24: FrameDecoder.DetectsCRCMismatch ......................................................................................   Passed    0.00 sec
        Start  25: FrameDecoder.DetectsPayloadCorruption
 25/283 Test  #25: FrameDecoder.DetectsPayloadCorruption ................................................................................   Passed    0.00 sec
        Start  26: FrameDecoder.HandlesGarbageBeforeSync
 26/283 Test  #26: FrameDecoder.HandlesGarbageBeforeSync ................................................................................   Passed    0.00 sec
        Start  27: FrameDecoder.RequiresResetAfterComplete
 27/283 Test  #27: FrameDecoder.RequiresResetAfterComplete ..............................................................................   Passed    0.00 sec
        Start  28: FrameRoundTrip.EncodeThenDecode
 28/283 Test  #28: FrameRoundTrip.EncodeThenDecode ......................................................................................   Passed    0.00 sec
        Start  29: FrameRoundTrip.NoPayload
 29/283 Test  #29: FrameRoundTrip.NoPayload .............................................................................................   Passed    0.00 sec
        Start  30: FrameRoundTrip.MaxPayload
 30/283 Test  #30: FrameRoundTrip.MaxPayload ............................................................................................   Passed    0.00 sec
        Start  31: OtaBegin.SerializeDeserializeRoundTrip
 31/283 Test  #31: OtaBegin.SerializeDeserializeRoundTrip ...............................................................................   Passed    0.00 sec
        Start  32: OtaBegin.SerializeWithNullSHA256ReturnsError
 32/283 Test  #32: OtaBegin.SerializeWithNullSHA256ReturnsError .........................................................................   Passed    0.00 sec
        Start  33: OtaBegin.SerializeRejectsMissingVersion
 33/283 Test  #33: OtaBegin.SerializeRejectsMissingVersion ..............................................................................   Passed    0.00 sec
        Start  34: OtaBegin.RejectsVersionWithoutRoomForNullTerminator
 34/283 Test  #34: OtaBegin.RejectsVersionWithoutRoomForNullTerminator ..................................................................   Passed    0.00 sec
        Start  35: OtaBegin.AcceptsLongestNullTerminatedVersion
 35/283 Test  #35: OtaBegin.AcceptsLongestNullTerminatedVersion .........................................................................   Passed    0.00 sec
        Start  36: OtaBegin.BufferTooSmallReturnsError
 36/283 Test  #36: OtaBegin.BufferTooSmallReturnsError ..................................................................................   Passed    0.00 sec
        Start  37: OtaBegin.DeserializeWithShortPayloadReturnsError
 37/283 Test  #37: OtaBegin.DeserializeWithShortPayloadReturnsError .....................................................................   Passed    0.00 sec
        Start  38: OtaBegin.DeserializeRejectsOversizedPayload
 38/283 Test  #38: OtaBegin.DeserializeRejectsOversizedPayload ..........................................................................   Passed    0.00 sec
        Start  39: OtaBegin.DeserializeRejectsVersionWithoutNullTerminator
 39/283 Test  #39: OtaBegin.DeserializeRejectsVersionWithoutNullTerminator ..............................................................   Passed    0.00 sec
        Start  40: OtaData.SerializeDeserializeRoundTrip
 40/283 Test  #40: OtaData.SerializeDeserializeRoundTrip ................................................................................   Passed    0.00 sec
        Start  41: OtaData.RejectsZeroLengthChunk
 41/283 Test  #41: OtaData.RejectsZeroLengthChunk .......................................................................................   Passed    0.00 sec
        Start  42: OtaData.AcceptsOneByteMinimumChunk
 42/283 Test  #42: OtaData.AcceptsOneByteMinimumChunk ...................................................................................   Passed    0.00 sec
        Start  43: OtaData.SerializeMaxChunkSize
 43/283 Test  #43: OtaData.SerializeMaxChunkSize ........................................................................................   Passed    0.00 sec
        Start  44: OtaData.SerializeOversizedChunkReturnsError
 44/283 Test  #44: OtaData.SerializeOversizedChunkReturnsError ..........................................................................   Passed    0.00 sec
        Start  45: OtaData.DeserializeWithTruncatedPayloadReturnsError
 45/283 Test  #45: OtaData.DeserializeWithTruncatedPayloadReturnsError ..................................................................   Passed    0.00 sec
        Start  46: OtaData.DeserializeRejectsTrailingBytes
 46/283 Test  #46: OtaData.DeserializeRejectsTrailingBytes ..............................................................................   Passed    0.00 sec
        Start  47: OtaData.DeserializeRejectsChunkAboveProtocolMaximum
 47/283 Test  #47: OtaData.DeserializeRejectsChunkAboveProtocolMaximum ..................................................................   Passed    0.00 sec
        Start  48: OtaEnd.SerializeProducesZeroLengthPayload
 48/283 Test  #48: OtaEnd.SerializeProducesZeroLengthPayload ............................................................................   Passed    0.00 sec
        Start  49: OtaEnd.SerializeWithNullOutLenReturnsError
 49/283 Test  #49: OtaEnd.SerializeWithNullOutLenReturnsError ...........................................................................   Passed    0.00 sec
        Start  50: OtaEnd.DeserializeRequiresEmptyPayload
 50/283 Test  #50: OtaEnd.DeserializeRequiresEmptyPayload ...............................................................................   Passed    0.00 sec
        Start  51: OtaAck.SerializeDeserializeRoundTrip
 51/283 Test  #51: OtaAck.SerializeDeserializeRoundTrip .................................................................................   Passed    0.00 sec
        Start  52: OtaAck.AllStatusCodes
 52/283 Test  #52: OtaAck.AllStatusCodes ................................................................................................   Passed    0.00 sec
        Start  53: OtaAck.BufferTooSmallReturnsError
 53/283 Test  #53: OtaAck.BufferTooSmallReturnsError ....................................................................................   Passed    0.00 sec
        Start  54: OtaAck.RejectsTrailingBytesAndUnknownStatus
 54/283 Test  #54: OtaAck.RejectsTrailingBytesAndUnknownStatus ..........................................................................   Passed    0.00 sec
        Start  55: OtaAbort.SerializeDeserializeRoundTrip
 55/283 Test  #55: OtaAbort.SerializeDeserializeRoundTrip ...............................................................................   Passed    0.00 sec
        Start  56: OtaAbort.DeserializeWithNullReasonReturnsError
 56/283 Test  #56: OtaAbort.DeserializeWithNullReasonReturnsError .......................................................................   Passed    0.00 sec
        Start  57: OtaAbort.DeserializeWithEmptyPayloadReturnsError
 57/283 Test  #57: OtaAbort.DeserializeWithEmptyPayloadReturnsError .....................................................................   Passed    0.00 sec
        Start  58: OtaAbort.RejectsTrailingBytesAndUnknownStatus
 58/283 Test  #58: OtaAbort.RejectsTrailingBytesAndUnknownStatus ........................................................................   Passed    0.00 sec
        Start  59: OtaSerializer.RejectsNullBuffer
 59/283 Test  #59: OtaSerializer.RejectsNullBuffer ......................................................................................   Passed    0.00 sec
        Start  60: OtaSerializer.RejectsNullOutLen
 60/283 Test  #60: OtaSerializer.RejectsNullOutLen ......................................................................................   Passed    0.00 sec
        Start  61: OtaDeserializer.RejectsNullRequiredOutputs
 61/283 Test  #61: OtaDeserializer.RejectsNullRequiredOutputs ...........................................................................   Passed    0.00 sec
        Start  62: OtaSessionCoordinator.AllowsOnlyOneOwner
 62/283 Test  #62: OtaSessionCoordinator.AllowsOnlyOneOwner .............................................................................   Passed    0.00 sec
        Start  63: OtaSessionCoordinator.NonOwnerCannotReleaseLease
 63/283 Test  #63: OtaSessionCoordinator.NonOwnerCannotReleaseLease .....................................................................   Passed    0.00 sec
        Start  64: OtaSessionCoordinator.InactivityTimeoutUsesInclusiveBoundary
 64/283 Test  #64: OtaSessionCoordinator.InactivityTimeoutUsesInclusiveBoundary .........................................................   Passed    0.00 sec
        Start  65: OtaStateMachineTest.StartsFromIdle
 65/283 Test  #65: OtaStateMachineTest.StartsFromIdle ...................................................................................   Passed    0.00 sec
        Start  66: OtaStateMachineTest.ErrorStateAllowsRetryWithoutReboot
 66/283 Test  #66: OtaStateMachineTest.ErrorStateAllowsRetryWithoutReboot ...............................................................   Passed    0.00 sec
        Start  67: OtaStateMachineTest.ActiveOperationCannotBeReplaced
 67/283 Test  #67: OtaStateMachineTest.ActiveOperationCannotBeReplaced ..................................................................   Passed    0.00 sec
        Start  68: EspNowProtocolTest.DefinesExactWireSizeForEveryMessage
 68/283 Test  #68: EspNowProtocolTest.DefinesExactWireSizeForEveryMessage ...............................................................   Passed    0.00 sec
        Start  69: EspNowProtocolTest.OnlyBeaconPingAndPongAreDiscoveryTraffic
 69/283 Test  #69: EspNowProtocolTest.OnlyBeaconPingAndPongAreDiscoveryTraffic ..........................................................   Passed    0.00 sec
        Start  70: EspNowProtocolTest.SenderMustMatchRadioSource
 70/283 Test  #70: EspNowProtocolTest.SenderMustMatchRadioSource ........................................................................   Passed    0.00 sec
        Start  71: EspNowProtocolTest.RoundTokenIsEchoedByEveryRoundScopedMessage
 71/283 Test  #71: EspNowProtocolTest.RoundTokenIsEchoedByEveryRoundScopedMessage .......................................................   Passed    0.00 sec
        Start  72: ParseVersion.HandlesSimpleVersion
 72/283 Test  #72: ParseVersion.HandlesSimpleVersion ....................................................................................   Passed    0.00 sec
        Start  73: ParseVersion.HandlesVersionWithoutVPrefix
 73/283 Test  #73: ParseVersion.HandlesVersionWithoutVPrefix ............................................................................   Passed    0.00 sec
        Start  74: ParseVersion.HandlesDirtyFlag
 74/283 Test  #74: ParseVersion.HandlesDirtyFlag ........................................................................................   Passed    0.00 sec
        Start  75: ParseVersion.HandlesGitDescribeOutput
 75/283 Test  #75: ParseVersion.HandlesGitDescribeOutput ................................................................................   Passed    0.00 sec
        Start  76: ParseVersion.HandlesHardwareRollbackBuildVersion
 76/283 Test  #76: ParseVersion.HandlesHardwareRollbackBuildVersion .....................................................................   Passed    0.00 sec
        Start  77: ParseVersion.HandlesGitDescribeWithDirty
 77/283 Test  #77: ParseVersion.HandlesGitDescribeWithDirty .............................................................................   Passed    0.00 sec
        Start  78: ParseVersion.HandlesFullLengthGitHash
 78/283 Test  #78: ParseVersion.HandlesFullLengthGitHash ................................................................................   Passed    0.00 sec
        Start  79: ParseVersion.HandlesZeroVersion
 79/283 Test  #79: ParseVersion.HandlesZeroVersion ......................................................................................   Passed    0.00 sec
        Start  80: ParseVersion.HandlesLargeVersionNumbers
 80/283 Test  #80: ParseVersion.HandlesLargeVersionNumbers ..............................................................................   Passed    0.00 sec
        Start  81: ParseVersion.HandlesNullInput
 81/283 Test  #81: ParseVersion.HandlesNullInput ........................................................................................   Passed    0.00 sec
        Start  82: ParseVersion.HandlesEmptyString
 82/283 Test  #82: ParseVersion.HandlesEmptyString ......................................................................................   Passed    0.00 sec
        Start  83: ParseVersion.HandlesInvalidFormat
 83/283 Test  #83: ParseVersion.HandlesInvalidFormat ....................................................................................   Passed    0.00 sec
        Start  84: ParseVersion.RejectsOverflowAndMalformedSuffixes
 84/283 Test  #84: ParseVersion.RejectsOverflowAndMalformedSuffixes .....................................................................   Passed    0.00 sec
        Start  85: FirmwareVersionIntegrity.RequiresExactParserValidMatch
 85/283 Test  #85: FirmwareVersionIntegrity.RequiresExactParserValidMatch ...............................................................   Passed    0.00 sec
        Start  86: FirmwareVersionCompare.EqualVersions
 86/283 Test  #86: FirmwareVersionCompare.EqualVersions .................................................................................   Passed    0.00 sec
        Start  87: FirmwareVersionCompare.MajorDifference
 87/283 Test  #87: FirmwareVersionCompare.MajorDifference ...............................................................................   Passed    0.00 sec
        Start  88: FirmwareVersionCompare.MinorDifference
 88/283 Test  #88: FirmwareVersionCompare.MinorDifference ...............................................................................   Passed    0.00 sec
        Start  89: FirmwareVersionCompare.PatchDifference
 89/283 Test  #89: FirmwareVersionCompare.PatchDifference ...............................................................................   Passed    0.00 sec
        Start  90: FirmwareVersionCompare.IsUpdateAvailable
 90/283 Test  #90: FirmwareVersionCompare.IsUpdateAvailable .............................................................................   Passed    0.00 sec
        Start  91: FirmwareVersionCompare.IgnoresDirtyFlag
 91/283 Test  #91: FirmwareVersionCompare.IgnoresDirtyFlag ..............................................................................   Passed    0.00 sec
        Start  92: FirmwareVersionCompare.IgnoresGitHash
 92/283 Test  #92: FirmwareVersionCompare.IgnoresGitHash ................................................................................   Passed    0.00 sec
        Start  93: FirmwareVersionCompare.InvalidVersionsNeverOfferUpdates
 93/283 Test  #93: FirmwareVersionCompare.InvalidVersionsNeverOfferUpdates ..............................................................   Passed    0.00 sec
        Start  94: ReleaseMetadata.AcceptsExactly64HexCharacters
 94/283 Test  #94: ReleaseMetadata.AcceptsExactly64HexCharacters ........................................................................   Passed    0.00 sec
        Start  95: ReleaseMetadata.RejectsMissingMalformedOrWrongLengthDigest
 95/283 Test  #95: ReleaseMetadata.RejectsMissingMalformedOrWrongLengthDigest ...........................................................   Passed    0.00 sec
        Start  96: ReleaseMetadata.FormatsTheExactVersionedOtaAssetName
 96/283 Test  #96: ReleaseMetadata.FormatsTheExactVersionedOtaAssetName .................................................................   Passed    0.00 sec
        Start  97: ReleaseMetadata.RejectsInvalidTagAndInsufficientOutputBuffer
 97/283 Test  #97: ReleaseMetadata.RejectsInvalidTagAndInsufficientOutputBuffer .........................................................   Passed    0.00 sec
        Start  98: ReleaseMetadata.AcceptsPositiveIntegralAssetSize
 98/283 Test  #98: ReleaseMetadata.AcceptsPositiveIntegralAssetSize .....................................................................   Passed    0.00 sec
        Start  99: ReleaseMetadata.RejectsMalformedAssetSizes
 99/283 Test  #99: ReleaseMetadata.RejectsMalformedAssetSizes ...........................................................................   Passed    0.00 sec
        Start 100: ReleaseMetadata.RejectsAssetSizeOutsideSizeT
100/283 Test #100: ReleaseMetadata.RejectsAssetSizeOutsideSizeT .........................................................................   Passed    0.00 sec
        Start 101: RestartSnapshotRecord.AcceptsUnchangedCurrentRecord
101/283 Test #101: RestartSnapshotRecord.AcceptsUnchangedCurrentRecord ..................................................................   Passed    0.00 sec
        Start 102: RestartSnapshotRecord.RejectsEveryPersistedFieldClassAfterCorruption
102/283 Test #102: RestartSnapshotRecord.RejectsEveryPersistedFieldClassAfterCorruption .................................................   Passed    0.00 sec
        Start 103: RestartSnapshotRecord.RejectsUnsupportedFormats
103/283 Test #103: RestartSnapshotRecord.RejectsUnsupportedFormats ......................................................................   Passed    0.00 sec
        Start 104: RestartSnapshotRecord.LegacySanitizationRemovesUntrustedIdentityMetadata
104/283 Test #104: RestartSnapshotRecord.LegacySanitizationRemovesUntrustedIdentityMetadata .............................................   Passed    0.00 sec
        Start 105: ConfigMsgType.RecognizesEveryRequestId
105/283 Test #105: ConfigMsgType.RecognizesEveryRequestId ...............................................................................   Passed    0.00 sec
        Start 106: ConfigMsgType.RejectsResponsesReservedAndOtherProtocolIds
106/283 Test #106: ConfigMsgType.RejectsResponsesReservedAndOtherProtocolIds ............................................................   Passed    0.00 sec
        Start 107: ConfigMsgType.PassiveRequestsDoNotRecordActivity
107/283 Test #107: ConfigMsgType.PassiveRequestsDoNotRecordActivity .....................................................................   Passed    0.00 sec
        Start 108: ConfigMsgType.ActiveRequestsRecordActivity
108/283 Test #108: ConfigMsgType.ActiveRequestsRecordActivity ...........................................................................   Passed    0.00 sec
        Start 109: ConfigMsgType.IsConfigRequestGitHubOtaRange
109/283 Test #109: ConfigMsgType.IsConfigRequestGitHubOtaRange ..........................................................................   Passed    0.00 sec
        Start 110: ConfigMsgType.IsConfigRequestTouchInjectionRange
110/283 Test #110: ConfigMsgType.IsConfigRequestTouchInjectionRange .....................................................................   Passed    0.00 sec
        Start 111: ConfigProtocol.ValidatesLedPatternWithoutNarrowing
111/283 Test #111: ConfigProtocol.ValidatesLedPatternWithoutNarrowing ...................................................................   Passed    0.00 sec
        Start 112: Feature.ValidFeatureIds
112/283 Test #112: Feature.ValidFeatureIds ..............................................................................................   Passed    0.00 sec
        Start 113: Feature.FeatureToString
113/283 Test #113: Feature.FeatureToString ..............................................................................................   Passed    0.00 sec
        Start 114: Status.StatusValues
114/283 Test #114: Status.StatusValues ..................................................................................................   Passed    0.00 sec
        Start 115: Status.StatusToString
115/283 Test #115: Status.StatusToString ................................................................................................   Passed    0.00 sec
        Start 116: Protobuf.SetFeatureRequestEncodeDecode
116/283 Test #116: Protobuf.SetFeatureRequestEncodeDecode ...............................................................................   Passed    0.00 sec
        Start 117: Protobuf.SetFeatureResponseEncodeDecode
117/283 Test #117: Protobuf.SetFeatureResponseEncodeDecode ..............................................................................   Passed    0.00 sec
        Start 118: Protobuf.GetFeatureRequestAndResponseEncodeDecode
118/283 Test #118: Protobuf.GetFeatureRequestAndResponseEncodeDecode ....................................................................   Passed    0.00 sec
        Start 119: Protobuf.ListFeaturesResponseEncodeDecode
119/283 Test #119: Protobuf.ListFeaturesResponseEncodeDecode ............................................................................   Passed    0.00 sec
        Start 120: Protobuf.EmptyListFeaturesResponse
120/283 Test #120: Protobuf.EmptyListFeaturesResponse ...................................................................................   Passed    0.00 sec
        Start 121: Protobuf.MaxMemoryProfileResponseFitsSharedFramePayload
121/283 Test #121: Protobuf.MaxMemoryProfileResponseFitsSharedFramePayload ..............................................................   Passed    0.00 sec
        Start 122: Protobuf.GetModeResponseEncodeDecode
122/283 Test #122: Protobuf.GetModeResponseEncodeDecode .................................................................................   Passed    0.00 sec
        Start 123: Protobuf.SetModeRequestEncodeDecode
123/283 Test #123: Protobuf.SetModeRequestEncodeDecode ..................................................................................   Passed    0.00 sec
        Start 124: Protobuf.SetModeResponseEncodeDecode
124/283 Test #124: Protobuf.SetModeResponseEncodeDecode .................................................................................   Passed    0.00 sec
        Start 125: Protobuf.GetSystemInfoResponseEncodeDecode
125/283 Test #125: Protobuf.GetSystemInfoResponseEncodeDecode ...........................................................................   Passed    0.00 sec
        Start 126: Protobuf.SelfTestResponseEncodeDecode
126/283 Test #126: Protobuf.SelfTestResponseEncodeDecode ................................................................................   Passed    0.00 sec
        Start 127: Protobuf.CheckUpdateResponseEncodeDecode
127/283 Test #127: Protobuf.CheckUpdateResponseEncodeDecode .............................................................................   Passed    0.00 sec
        Start 128: Protobuf.CheckUpdateResponseNoUpdate
128/283 Test #128: Protobuf.CheckUpdateResponseNoUpdate .................................................................................   Passed    0.00 sec
        Start 129: Protobuf.SetAutoUpdateRequestEncodeDecode
129/283 Test #129: Protobuf.SetAutoUpdateRequestEncodeDecode ............................................................................   Passed    0.00 sec
        Start 130: Protobuf.SetAutoUpdateResponseEncodeDecode
130/283 Test #130: Protobuf.SetAutoUpdateResponseEncodeDecode ...........................................................................   Passed    0.00 sec
        Start 131: Protobuf.SimulateTouchRequestEncodeDecode
131/283 Test #131: Protobuf.SimulateTouchRequestEncodeDecode ............................................................................   Passed    0.00 sec
        Start 132: Protobuf.SetSimModeRequestEncodeDecode
132/283 Test #132: Protobuf.SetSimModeRequestEncodeDecode ...............................................................................   Passed    0.00 sec
        Start 133: Protobuf.SetSimModeResponseEncodeDecode
133/283 Test #133: Protobuf.SetSimModeResponseEncodeDecode ..............................................................................   Passed    0.00 sec
        Start 134: Protobuf.TouchEventNotificationEncodeDecode
134/283 Test #134: Protobuf.TouchEventNotificationEncodeDecode ..........................................................................   Passed    0.00 sec
        Start 135: Protobuf.SelfTestResponseEmpty
135/283 Test #135: Protobuf.SelfTestResponseEmpty .......................................................................................   Passed    0.00 sec
        Start 136: Constants.MaxFeatures
136/283 Test #136: Constants.MaxFeatures ................................................................................................   Passed    0.00 sec
        Start 137: Constants.MaxFrameSize
137/283 Test #137: Constants.MaxFrameSize ...............................................................................................   Passed    0.00 sec
        Start 138: FeatureManager.AllFeaturesEnabledByDefault
138/283 Test #138: FeatureManager.AllFeaturesEnabledByDefault ...........................................................................   Passed    0.00 sec
        Start 139: FeatureManager.DefaultMaskContainsOnlyDefinedFeatures
139/283 Test #139: FeatureManager.DefaultMaskContainsOnlyDefinedFeatures ................................................................   Passed    0.00 sec
        Start 140: FeatureManager.DisableFeature
140/283 Test #140: FeatureManager.DisableFeature ........................................................................................   Passed    0.00 sec
        Start 141: FeatureManager.EnableFeature
141/283 Test #141: FeatureManager.EnableFeature .........................................................................................   Passed    0.00 sec
        Start 142: FeatureManager.DisableMultipleFeatures
142/283 Test #142: FeatureManager.DisableMultipleFeatures ...............................................................................   Passed    0.00 sec
        Start 143: FeatureManager.UnsupportedFeaturesAreOmittedAndRejected
143/283 Test #143: FeatureManager.UnsupportedFeaturesAreOmittedAndRejected ..............................................................   Passed    0.00 sec
        Start 144: FeatureManager.ChangeCallbackTracksSingleAndMaskUpdates
144/283 Test #144: FeatureManager.ChangeCallbackTracksSingleAndMaskUpdates ..............................................................   Passed    0.00 sec
        Start 145: FeatureManager.RuntimeApplyRunsAfterCallerBarrier
145/283 Test #145: FeatureManager.RuntimeApplyRunsAfterCallerBarrier ....................................................................   Passed    0.00 sec
        Start 146: FeatureManager.InvalidFeatureReturnsFalse
146/283 Test #146: FeatureManager.InvalidFeatureReturnsFalse ............................................................................   Passed    0.00 sec
        Start 147: FeatureManager.OutOfRangeFeatureReturnsFalse
147/283 Test #147: FeatureManager.OutOfRangeFeatureReturnsFalse .........................................................................   Passed    0.00 sec
        Start 148: FeatureManager.GetAllReturnsAllFeatures
148/283 Test #148: FeatureManager.GetAllReturnsAllFeatures ..............................................................................   Passed    0.00 sec
        Start 149: FeatureManager.GetAllReturnsCorrectStates
149/283 Test #149: FeatureManager.GetAllReturnsCorrectStates ............................................................................   Passed    0.00 sec
        Start 150: FeatureManager.GetMaskReflectsState
150/283 Test #150: FeatureManager.GetMaskReflectsState ..................................................................................   Passed    0.00 sec
        Start 151: FeatureManager.SetMaskUpdatesState
151/283 Test #151: FeatureManager.SetMaskUpdatesState ...................................................................................   Passed    0.00 sec
        Start 152: FeatureManager.ConcurrentReadsDoNotCrash
152/283 Test #152: FeatureManager.ConcurrentReadsDoNotCrash .............................................................................   Passed    0.00 sec
        Start 153: FeatureManager.ConcurrentWritesApplyCallbacksInMutationOrder
153/283 Test #153: FeatureManager.ConcurrentWritesApplyCallbacksInMutationOrder .........................................................   Passed    0.02 sec
        Start 154: ModeManagerTest.StartsInBootingMode
154/283 Test #154: ModeManagerTest.StartsInBootingMode ..................................................................................   Passed    0.00 sec
        Start 155: ModeManagerTest.BootingFeatureMaskIsZero
155/283 Test #155: ModeManagerTest.BootingFeatureMaskIsZero .............................................................................   Passed    0.00 sec
        Start 156: ModeManagerTest.IdleMaskIsLedAndBle
156/283 Test #156: ModeManagerTest.IdleMaskIsLedAndBle ..................................................................................   Passed    0.00 sec
        Start 157: ModeManagerTest.TriageMaskExcludesEspNowAndWifiPolicy
157/283 Test #157: ModeManagerTest.TriageMaskExcludesEspNowAndWifiPolicy ................................................................   Passed    0.00 sec
        Start 158: ModeManagerTest.ConnectedMaskExcludesWifiPolicy
158/283 Test #158: ModeManagerTest.ConnectedMaskExcludesWifiPolicy ......................................................................   Passed    0.00 sec
        Start 159: ModeManagerTest.GameMaskSameAsConnected
159/283 Test #159: ModeManagerTest.GameMaskSameAsConnected ..............................................................................   Passed    0.00 sec
        Start 160: ModeManagerTest.ErrorMaskIsLedAndBle
160/283 Test #160: ModeManagerTest.ErrorMaskIsLedAndBle .................................................................................   Passed    0.00 sec
        Start 161: ModeManagerTest.BootingToIdle
161/283 Test #161: ModeManagerTest.BootingToIdle ........................................................................................   Passed    0.00 sec
        Start 162: ModeManagerTest.IdleToTriage
162/283 Test #162: ModeManagerTest.IdleToTriage .........................................................................................   Passed    0.00 sec
        Start 163: ModeManagerTest.IdleToConnected
163/283 Test #163: ModeManagerTest.IdleToConnected ......................................................................................   Passed    0.00 sec
        Start 164: ModeManagerTest.TriageToConnected
164/283 Test #164: ModeManagerTest.TriageToConnected ....................................................................................   Passed    0.00 sec
        Start 165: ModeManagerTest.ConnectedToGame
165/283 Test #165: ModeManagerTest.ConnectedToGame ......................................................................................   Passed    0.00 sec
        Start 166: ModeManagerTest.GameToConnected
166/283 Test #166: ModeManagerTest.GameToConnected ......................................................................................   Passed    0.00 sec
        Start 167: ModeManagerTest.ConnectedToTriage
167/283 Test #167: ModeManagerTest.ConnectedToTriage ....................................................................................   Passed    0.00 sec
        Start 168: ModeManagerTest.AnyModeToError
168/283 Test #168: ModeManagerTest.AnyModeToError .......................................................................................   Passed    0.00 sec
        Start 169: ModeManagerTest.AnyModeToIdle
169/283 Test #169: ModeManagerTest.AnyModeToIdle ........................................................................................   Passed    0.00 sec
        Start 170: ModeManagerTest.ErrorToIdle
170/283 Test #170: ModeManagerTest.ErrorToIdle ..........................................................................................   Passed    0.00 sec
        Start 171: ModeManagerTest.SameModeTransitionSucceeds
171/283 Test #171: ModeManagerTest.SameModeTransitionSucceeds ...........................................................................   Passed    0.00 sec
        Start 172: ModeManagerTest.PeerGameNormalizesBootingThroughConnected
172/283 Test #172: ModeManagerTest.PeerGameNormalizesBootingThroughConnected ............................................................   Passed    0.00 sec
        Start 173: ModeManagerTest.PeerGameNormalizesTriageThroughConnected
173/283 Test #173: ModeManagerTest.PeerGameNormalizesTriageThroughConnected .............................................................   Passed    0.00 sec
        Start 174: ModeManagerTest.PeerGameRecoversErrorThroughConnected
174/283 Test #174: ModeManagerTest.PeerGameRecoversErrorThroughConnected ................................................................   Passed    0.00 sec
        Start 175: ModeManagerTest.PeerGameIsIdempotent
175/283 Test #175: ModeManagerTest.PeerGameIsIdempotent .................................................................................   Passed    0.00 sec
        Start 176: ModeManagerTest.ConcurrentTransitionsKeepModeAndFeatureMaskConsistent
176/283 Test #176: ModeManagerTest.ConcurrentTransitionsKeepModeAndFeatureMaskConsistent ................................................   Passed    0.00 sec
        Start 177: ModeManagerTest.BootingToTriageInvalid
177/283 Test #177: ModeManagerTest.BootingToTriageInvalid ...............................................................................   Passed    0.00 sec
        Start 178: ModeManagerTest.BootingToConnectedInvalid
178/283 Test #178: ModeManagerTest.BootingToConnectedInvalid ............................................................................   Passed    0.00 sec
        Start 179: ModeManagerTest.BootingToGameInvalid
179/283 Test #179: ModeManagerTest.BootingToGameInvalid .................................................................................   Passed    0.00 sec
        Start 180: ModeManagerTest.SoloDrillIdleToGame
180/283 Test #180: ModeManagerTest.SoloDrillIdleToGame ..................................................................................   Passed    0.00 sec
        Start 181: ModeManagerTest.TriageToGameInvalid
181/283 Test #181: ModeManagerTest.TriageToGameInvalid ..................................................................................   Passed    0.00 sec
        Start 182: ModeManagerTest.GameToTriageInvalid
182/283 Test #182: ModeManagerTest.GameToTriageInvalid ..................................................................................   Passed    0.00 sec
        Start 183: ModeManagerTest.TransitionAppliesFeatureMaskAndPreservesWifiPolicy
183/283 Test #183: ModeManagerTest.TransitionAppliesFeatureMaskAndPreservesWifiPolicy ...................................................   Passed    0.00 sec
        Start 184: ModeManagerTest.TriagePreservesDisabledWifiPolicy
184/283 Test #184: ModeManagerTest.TriagePreservesDisabledWifiPolicy ....................................................................   Passed    0.00 sec
        Start 185: ModeManagerTest.ConnectedMaskEnablesEspNowAndPreservesWifiPolicy
185/283 Test #185: ModeManagerTest.ConnectedMaskEnablesEspNowAndPreservesWifiPolicy .....................................................   Passed    0.00 sec
        Start 186: ModeManagerTest.TriageTimeoutToIdle
186/283 Test #186: ModeManagerTest.TriageTimeoutToIdle ..................................................................................   Passed    0.00 sec
        Start 187: ModeManagerTest.TriageActivityResetsTimeout
187/283 Test #187: ModeManagerTest.TriageActivityResetsTimeout ..........................................................................   Passed    0.00 sec
        Start 188: ModeManagerTest.ErrorRecoveryTimeout
188/283 Test #188: ModeManagerTest.ErrorRecoveryTimeout .................................................................................   Passed    0.00 sec
        Start 189: ModeManagerTest.PeerDrillTimeoutToConnected
189/283 Test #189: ModeManagerTest.PeerDrillTimeoutToConnected ..........................................................................   Passed    0.00 sec
        Start 190: ModeManagerTest.IdleNoTimeout
190/283 Test #190: ModeManagerTest.IdleNoTimeout ........................................................................................   Passed    0.00 sec
        Start 191: ModeManagerTest.ConnectedNoTimeout
191/283 Test #191: ModeManagerTest.ConnectedNoTimeout ...................................................................................   Passed    0.00 sec
        Start 192: ModeManagerTest.ModeToString
192/283 Test #192: ModeManagerTest.ModeToString .........................................................................................   Passed    0.00 sec
        Start 193: ModeManagerTest.GameEnteredFromTracksConnected
193/283 Test #193: ModeManagerTest.GameEnteredFromTracksConnected .......................................................................   Passed    0.00 sec
        Start 194: ModeManagerTest.GameEnteredFromTracksIdle
194/283 Test #194: ModeManagerTest.GameEnteredFromTracksIdle ............................................................................   Passed    0.00 sec
        Start 195: ModeManagerTest.SoloDrillTimeoutToIdle
195/283 Test #195: ModeManagerTest.SoloDrillTimeoutToIdle ...............................................................................   Passed    0.00 sec
        Start 196: ModeManagerTest.TransitionCallbackInvoked
196/283 Test #196: ModeManagerTest.TransitionCallbackInvoked ............................................................................   Passed    0.00 sec
        Start 197: ModeManagerTest.TransitionCallbackCalledOnEachTransition
197/283 Test #197: ModeManagerTest.TransitionCallbackCalledOnEachTransition .............................................................   Passed    0.00 sec
        Start 198: ModeManagerTest.TransitionCallbackNotCalledOnInvalid
198/283 Test #198: ModeManagerTest.TransitionCallbackNotCalledOnInvalid .................................................................   Passed    0.00 sec
        Start 199: ModeManagerTest.TransitionCallbackNotCalledOnSameMode
199/283 Test #199: ModeManagerTest.TransitionCallbackNotCalledOnSameMode ................................................................   Passed    0.00 sec
        Start 200: GameEngineTest.StartsInReadyState
200/283 Test #200: GameEngineTest.StartsInReadyState ....................................................................................   Passed    0.00 sec
        Start 201: GameEngineTest.ArmTransitionsToArmed
201/283 Test #201: GameEngineTest.ArmTransitionsToArmed .................................................................................   Passed    0.00 sec
        Start 202: GameEngineTest.ArmFailsWhenNotReady
202/283 Test #202: GameEngineTest.ArmFailsWhenNotReady ..................................................................................   Passed    0.00 sec
        Start 203: GameEngineTest.DisarmFromArmed
203/283 Test #203: GameEngineTest.DisarmFromArmed .......................................................................................   Passed    0.00 sec
        Start 204: GameEngineTest.DisarmFromReady
204/283 Test #204: GameEngineTest.DisarmFromReady .......................................................................................   Passed    0.00 sec
        Start 205: GameEngineTest.DisarmFromFeedback
205/283 Test #205: GameEngineTest.DisarmFromFeedback ....................................................................................   Passed    0.00 sec
        Start 206: GameEngineTest.TouchInArmedStateRecordsHit
206/283 Test #206: GameEngineTest.TouchInArmedStateRecordsHit ...........................................................................   Passed    0.00 sec
        Start 207: GameEngineTest.HitReactionTimeIsCorrect
207/283 Test #207: GameEngineTest.HitReactionTimeIsCorrect ..............................................................................   Passed    0.00 sec
        Start 208: GameEngineTest.HitTriggersWhiteFlashAndSound
208/283 Test #208: GameEngineTest.HitTriggersWhiteFlashAndSound .........................................................................   Passed    0.00 sec
        Start 209: GameEngineTest.HitEmitsGameEvent
209/283 Test #209: GameEngineTest.HitEmitsGameEvent .....................................................................................   Passed    0.00 sec
        Start 210: GameEngineTest.FeedbackCompletesAfterDuration
210/283 Test #210: GameEngineTest.FeedbackCompletesAfterDuration ........................................................................   Passed    0.00 sec
        Start 211: GameEngineTest.MultiPadDetectionFirstWins
211/283 Test #211: GameEngineTest.MultiPadDetectionFirstWins ............................................................................   Passed    0.00 sec
        Start 212: GameEngineTest.TimeoutInArmedStateRecordsMiss
212/283 Test #212: GameEngineTest.TimeoutInArmedStateRecordsMiss ........................................................................   Passed    0.00 sec
        Start 213: GameEngineTest.MissTriggersRedFlash
213/283 Test #213: GameEngineTest.MissTriggersRedFlash ..................................................................................   Passed    0.00 sec
        Start 214: GameEngineTest.MissEmitsGameEvent
214/283 Test #214: GameEngineTest.MissEmitsGameEvent ....................................................................................   Passed    0.00 sec
        Start 215: GameEngineTest.MissNoSound
215/283 Test #215: GameEngineTest.MissNoSound ...........................................................................................   Passed    0.00 sec
        Start 216: GameEngineTest.FeedbackModeNoneSkipsFlashAndSound
216/283 Test #216: GameEngineTest.FeedbackModeNoneSkipsFlashAndSound ....................................................................   Passed    0.00 sec
        Start 217: GameEngineTest.FeedbackModeAudioOnlySkipsLed
217/283 Test #217: GameEngineTest.FeedbackModeAudioOnlySkipsLed .........................................................................   Passed    0.00 sec
        Start 218: GameEngineTest.FeedbackModeLedOnlySkipsAudio
218/283 Test #218: GameEngineTest.FeedbackModeLedOnlySkipsAudio .........................................................................   Passed    0.00 sec
        Start 219: GameEngineTest.MultipleArmDisarmCycles
219/283 Test #219: GameEngineTest.MultipleArmDisarmCycles ...............................................................................   Passed    0.00 sec
        Start 220: GameEngineTest.TouchAfterTimeoutIgnored
220/283 Test #220: GameEngineTest.TouchAfterTimeoutIgnored ..............................................................................   Passed    0.00 sec
        Start 221: GameEngineTest.TouchDuringFeedbackIgnored
221/283 Test #221: GameEngineTest.TouchDuringFeedbackIgnored ............................................................................   Passed    0.00 sec
        Start 222: GameEngineTest.DisarmDuringArmed
222/283 Test #222: GameEngineTest.DisarmDuringArmed .....................................................................................   Passed    0.00 sec
        Start 223: GameEngineTest.ZeroTimeoutImmediateMiss
223/283 Test #223: GameEngineTest.ZeroTimeoutImmediateMiss ..............................................................................   Passed    0.00 sec
        Start 224: GameEngineTest.FullCycleHitThenRearm
224/283 Test #224: GameEngineTest.FullCycleHitThenRearm .................................................................................   Passed    0.00 sec
        Start 225: GameEngineTest.FullCycleMissThenRearm
225/283 Test #225: GameEngineTest.FullCycleMissThenRearm ................................................................................   Passed    0.00 sec
        Start 226: GameEngineTest.TickInReadyIsNoop
226/283 Test #226: GameEngineTest.TickInReadyIsNoop .....................................................................................   Passed    0.00 sec
        Start 227: GameEngineTest.TouchUpdateCalledInArmed
227/283 Test #227: GameEngineTest.TouchUpdateCalledInArmed ..............................................................................   Passed    0.00 sec
        Start 228: GameEngineTest.EventCallbackCanQueryAndDisarmEngine
228/283 Test #228: GameEngineTest.EventCallbackCanQueryAndDisarmEngine ..................................................................   Passed    0.00 sec
        Start 229: GameEngineTest.ConcurrentControlTickStatsAndCallbackAccessIsSerialized
229/283 Test #229: GameEngineTest.ConcurrentControlTickStatsAndCallbackAccessIsSerialized ...............................................   Passed    0.00 sec
        Start 230: GameEngineTest.StateToString
230/283 Test #230: GameEngineTest.StateToString .........................................................................................   Passed    0.00 sec
        Start 231: TraceBufferTest.AcquiredEventsRemainCountedUntilReleased
231/283 Test #231: TraceBufferTest.AcquiredEventsRemainCountedUntilReleased .............................................................   Passed    0.00 sec
        Start 232: TraceBufferTest.PendingAcquisitionSurvivesAdditionalRecording
232/283 Test #232: TraceBufferTest.PendingAcquisitionSurvivesAdditionalRecording ........................................................   Passed    0.00 sec
        Start 233: TraceBufferTest.RetainedDumpSnapshotHasSingleOwnerAcrossTransports
233/283 Test #233: TraceBufferTest.RetainedDumpSnapshotHasSingleOwnerAcrossTransports ...................................................   Passed    0.00 sec
        Start 234: TraceBufferTest.OwningTransportCanClearRetainedSnapshotAndLaterEvents
234/283 Test #234: TraceBufferTest.OwningTransportCanClearRetainedSnapshotAndLaterEvents ................................................   Passed    0.00 sec
        Start 235: TraceCommandHandler.AcceptsEmptyControlRequestPayload
235/283 Test #235: TraceCommandHandler.AcceptsEmptyControlRequestPayload ................................................................   Passed    0.00 sec
        Start 236: TraceStreamWriter.SendsWholeBuffer
236/283 Test #236: TraceStreamWriter.SendsWholeBuffer ...................................................................................   Passed    0.00 sec
        Start 237: TraceStreamWriter.RetriesUntilAllPartialWritesComplete
237/283 Test #237: TraceStreamWriter.RetriesUntilAllPartialWritesComplete ...............................................................   Passed    0.00 sec
        Start 238: TraceStreamWriter.ReportsClosedConnectionMidFrame
238/283 Test #238: TraceStreamWriter.ReportsClosedConnectionMidFrame ....................................................................   Passed    0.00 sec
        Start 239: TraceStreamWriter.ReportsWriteErrorMidFrame
239/283 Test #239: TraceStreamWriter.ReportsWriteErrorMidFrame ..........................................................................   Passed    0.00 sec
        Start 240: TraceStreamWriter.RejectsInvalidWriterProgress
240/283 Test #240: TraceStreamWriter.RejectsInvalidWriterProgress .......................................................................   Passed    0.00 sec
        Start 241: TraceStreamWriter.AcceptsEmptyBufferWithoutWriting
241/283 Test #241: TraceStreamWriter.AcceptsEmptyBufferWithoutWriting ...................................................................   Passed    0.00 sec
        Start 242: MultiPodSimTest.SinglePod_ArmHitCycle
242/283 Test #242: MultiPodSimTest.SinglePod_ArmHitCycle ................................................................................   Passed    0.00 sec
        Start 243: MultiPodSimTest.SinglePod_ArmMissCycle
243/283 Test #243: MultiPodSimTest.SinglePod_ArmMissCycle ...............................................................................   Passed    0.00 sec
        Start 244: MultiPodSimTest.MultiPod_IndependentArming
244/283 Test #244: MultiPodSimTest.MultiPod_IndependentArming ...........................................................................   Passed    0.00 sec
        Start 245: MultiPodSimTest.SimLog_CapturesLedEvents
245/283 Test #245: MultiPodSimTest.SimLog_CapturesLedEvents .............................................................................   Passed    0.00 sec
        Start 246: MultiPodSimTest.SimLog_CapturesAudioEvents
246/283 Test #246: MultiPodSimTest.SimLog_CapturesAudioEvents ...........................................................................   Passed    0.00 sec
        Start 247: MultiPodSimTest.SimLog_FilterByCategory
247/283 Test #247: MultiPodSimTest.SimLog_FilterByCategory ..............................................................................   Passed    0.00 sec
        Start 248: MultiPodSimTest.SimLog_FilterByPod
248/283 Test #248: MultiPodSimTest.SimLog_FilterByPod ...................................................................................   Passed    0.00 sec
        Start 249: MultiPodSimTest.ModeTransition_BootToGame
249/283 Test #249: MultiPodSimTest.ModeTransition_BootToGame ............................................................................   Passed    0.00 sec
        Start 250: MultiPodSimTest.PodInstance_FeedbackCallbacksLogged
250/283 Test #250: MultiPodSimTest.PodInstance_FeedbackCallbacksLogged ..................................................................   Passed    0.00 sec
        Start 251: MultiPodSimTest.Orchestrator_TicksAllPods
251/283 Test #251: MultiPodSimTest.Orchestrator_TicksAllPods ............................................................................   Passed    0.00 sec
        Start 252: MultiPodSimTest.Bus_UnicastDelivery
252/283 Test #252: MultiPodSimTest.Bus_UnicastDelivery ..................................................................................   Passed    0.00 sec
        Start 253: MultiPodSimTest.Bus_BroadcastDelivery
253/283 Test #253: MultiPodSimTest.Bus_BroadcastDelivery ................................................................................   Passed    0.00 sec
        Start 254: MultiPodSimTest.Bus_DelaysDeliveryUntilVirtualDeadline
254/283 Test #254: MultiPodSimTest.Bus_DelaysDeliveryUntilVirtualDeadline ...............................................................   Passed    0.00 sec
        Start 255: MultiPodSimTest.Bus_AppliesDropAndDuplicateDeterministically
255/283 Test #255: MultiPodSimTest.Bus_AppliesDropAndDuplicateDeterministically .........................................................   Passed    0.00 sec
        Start 256: MultiPodSimTest.Bus_ReplaysCapturedDeliveryRecordExactly
256/283 Test #256: MultiPodSimTest.Bus_ReplaysCapturedDeliveryRecordExactly .............................................................   Passed    0.00 sec
        Start 257: MultiPodSimTest.Bus_PayloadMismatchFailsClosed
257/283 Test #257: MultiPodSimTest.Bus_PayloadMismatchFailsClosed .......................................................................   Passed    0.00 sec
        Start 258: MultiPodSimTest.Bus_EmptyReplayRejectsUnexpectedDelivery
258/283 Test #258: MultiPodSimTest.Bus_EmptyReplayRejectsUnexpectedDelivery .............................................................   Passed    0.00 sec
        Start 259: MultiPodSimTest.CanonicalPayloadPreservesEveryMessageVariant
259/283 Test #259: MultiPodSimTest.CanonicalPayloadPreservesEveryMessageVariant .........................................................   Passed    0.00 sec
        Start 260: MultiPodSimTest.CanonicalPayloadIncludesRoundToken
260/283 Test #260: MultiPodSimTest.CanonicalPayloadIncludesRoundToken ...................................................................   Passed    0.00 sec
        Start 261: MultiPodSimTest.PodCommandHandler_JoinGame
261/283 Test #261: MultiPodSimTest.PodCommandHandler_JoinGame ...........................................................................   Passed    0.00 sec
        Start 262: MultiPodSimTest.PodCommandHandler_SetColor
262/283 Test #262: MultiPodSimTest.PodCommandHandler_SetColor ...........................................................................   Passed    0.00 sec
        Start 263: MultiPodSimTest.PodCommandHandler_ArmAndTouch
263/283 Test #263: MultiPodSimTest.PodCommandHandler_ArmAndTouch ........................................................................   Passed    0.00 sec
        Start 264: MultiPodSimTest.PodCommandHandler_RejectedRearmKeepsActiveRoundCallback
264/283 Test #264: MultiPodSimTest.PodCommandHandler_RejectedRearmKeepsActiveRoundCallback ..............................................   Passed    0.00 sec
        Start 265: SimDrillTest.DrillResult_Statistics
265/283 Test #265: SimDrillTest.DrillResult_Statistics ..................................................................................   Passed    0.00 sec
        Start 266: SimDrillTest.DrillResult_AllMisses
266/283 Test #266: SimDrillTest.DrillResult_AllMisses ...................................................................................   Passed    0.00 sec
        Start 267: SimDrillTest.ThreePod_AllHits
267/283 Test #267: SimDrillTest.ThreePod_AllHits ........................................................................................   Passed    0.00 sec
        Start 268: SimDrillTest.ThreePod_WithMisses
268/283 Test #268: SimDrillTest.ThreePod_WithMisses .....................................................................................   Passed    0.00 sec
        Start 269: SimDrillTest.ThreePod_MasterAsTarget
269/283 Test #269: SimDrillTest.ThreePod_MasterAsTarget .................................................................................   Passed    0.00 sec
        Start 270: SimDrillTest.DelayedArmIsAppliedBeforeTouch
270/283 Test #270: SimDrillTest.DelayedArmIsAppliedBeforeTouch ..........................................................................   Passed    0.00 sec
        Start 271: SimDrillTest.DelayedArmTimeoutStartsAtDelivery
271/283 Test #271: SimDrillTest.DelayedArmTimeoutStartsAtDelivery .......................................................................   Passed    0.00 sec
        Start 272: SimDrillTest.StaleDelayedTimeoutDoesNotMaskNextTouchResponse
272/283 Test #272: SimDrillTest.StaleDelayedTimeoutDoesNotMaskNextTouchResponse .........................................................   Passed    0.00 sec
        Start 273: SimDrillTest.DelayedOldArmCannotClaimNextRoundTouch
273/283 Test #273: SimDrillTest.DelayedOldArmCannotClaimNextRoundTouch ..................................................................   Passed    0.00 sec
        Start 274: SimDrillTest.FivePod_LargeDrill
274/283 Test #274: SimDrillTest.FivePod_LargeDrill ......................................................................................   Passed    0.00 sec
        Start 275: SimDrillTest.Determinism_SameInputSameOutput
275/283 Test #275: SimDrillTest.Determinism_SameInputSameOutput .........................................................................   Passed    0.00 sec
        Start 276: SimDrillTest.PerfettoExport_ProducesValidJson
276/283 Test #276: SimDrillTest.PerfettoExport_ProducesValidJson ........................................................................   Passed    0.00 sec
        Start 277: SimDrillTest.PerfettoExport_ContainsFlowEvents
277/283 Test #277: SimDrillTest.PerfettoExport_ContainsFlowEvents .......................................................................   Passed    0.00 sec
        Start 278: SimDrillTest.PerfettoExport_WritesToFile
278/283 Test #278: SimDrillTest.PerfettoExport_WritesToFile .............................................................................   Passed    0.00 sec
        Start 279: ControlRequests/EmptyPayloadTraceCommandTest.RejectsNonemptyPayloadWithErrorAck/Start#GetParam()=1-byteobject<10>
279/283 Test #279: ControlRequests/EmptyPayloadTraceCommandTest.RejectsNonemptyPayloadWithErrorAck/Start#GetParam()=1-byteobject<10> ....   Passed    0.00 sec
        Start 280: ControlRequests/EmptyPayloadTraceCommandTest.RejectsNonemptyPayloadWithErrorAck/Stop#GetParam()=1-byteobject<11>
280/283 Test #280: ControlRequests/EmptyPayloadTraceCommandTest.RejectsNonemptyPayloadWithErrorAck/Stop#GetParam()=1-byteobject<11> .....   Passed    0.00 sec
        Start 281: ControlRequests/EmptyPayloadTraceCommandTest.RejectsNonemptyPayloadWithErrorAck/Dump#GetParam()=1-byteobject<12>
281/283 Test #281: ControlRequests/EmptyPayloadTraceCommandTest.RejectsNonemptyPayloadWithErrorAck/Dump#GetParam()=1-byteobject<12> .....   Passed    0.00 sec
        Start 282: ControlRequests/EmptyPayloadTraceCommandTest.RejectsNonemptyPayloadWithErrorAck/Clear#GetParam()=1-byteobject<15>
282/283 Test #282: ControlRequests/EmptyPayloadTraceCommandTest.RejectsNonemptyPayloadWithErrorAck/Clear#GetParam()=1-byteobject<15> ....   Passed    0.00 sec
        Start 283: ControlRequests/EmptyPayloadTraceCommandTest.RejectsNonemptyPayloadWithErrorAck/Status#GetParam()=1-byteobject<16>
283/283 Test #283: ControlRequests/EmptyPayloadTraceCommandTest.RejectsNonemptyPayloadWithErrorAck/Status#GetParam()=1-byteobject<16> ...   Passed    0.00 sec

100% tests passed, 0 tests failed out of 283

Total Test time (real) =   0.79 sec
[0;32mPASS[0m Host Firmware Tests (12s)

--- Rust CLI ---
[1;33mSKIP[0m Rust CLI (not selected)

--- Host Tooling ---
pre-commit 4.6.1
trim trailing whitespace.................................................Passed
fix end of files.........................................................Passed
check yaml...............................................................Passed
check json...............................................................Passed
check for added large files..............................................Passed
check for merge conflicts................................................Passed
check for case conflicts.................................................Passed
clang-format.............................................................Passed
black....................................................................Passed
isort....................................................................Passed
cargo fmt................................................................Passed
cargo check..............................................................Passed
markdownlint.............................................................Passed
test_checked_in_cases_are_valid_and_representative (test_agent_eval.AgentEvaluationContractTest.test_checked_in_cases_are_valid_and_representative) ... ok
test_checked_in_response_schema_has_expected_structure (test_agent_eval.AgentEvaluationContractTest.test_checked_in_response_schema_has_expected_structure) ... ok
test_duplicate_case_and_criterion_ids_are_rejected (test_agent_eval.AgentEvaluationContractTest.test_duplicate_case_and_criterion_ids_are_rejected) ... ok
test_duplicate_criterion_evidence_is_rejected (test_agent_eval.AgentEvaluationContractTest.test_duplicate_criterion_evidence_is_rejected) ... ok
test_malformed_hardware_type_is_a_validation_error (test_agent_eval.AgentEvaluationContractTest.test_malformed_hardware_type_is_a_validation_error) ... ok
test_reference_paths_exist_in_the_repository (test_agent_eval.AgentEvaluationContractTest.test_reference_paths_exist_in_the_repository) ... ok
test_unknown_case_fields_are_rejected (test_agent_eval.AgentEvaluationContractTest.test_unknown_case_fields_are_rejected) ... ok
test_workspace_write_cases_are_rejected (test_agent_eval.AgentEvaluationContractTest.test_workspace_write_cases_are_rejected) ... ok
test_malformed_response_becomes_a_per_case_error (test_agent_eval.CaseExecutionTest.test_malformed_response_becomes_a_per_case_error) ... ok
test_parser_has_no_dirty_or_failure_override (test_agent_eval.CaseExecutionTest.test_parser_has_no_dirty_or_failure_override) ... ok
test_run_case_retains_evidence_and_requires_review (test_agent_eval.CaseExecutionTest.test_run_case_retains_evidence_and_requires_review) ... ok
test_run_rejects_every_dirty_checkout_without_override (test_agent_eval.CaseExecutionTest.test_run_rejects_every_dirty_checkout_without_override) ... ok
test_complete_evidence_is_review_ready_but_never_marked_correct (test_agent_eval.EvidenceCoverageTest.test_complete_evidence_is_review_ready_but_never_marked_correct) ... ok
test_evaluation_exit_policy_is_structural_only (test_agent_eval.EvidenceCoverageTest.test_evaluation_exit_policy_is_structural_only) ... ok
test_hardware_requirement_is_not_an_execution_status (test_agent_eval.EvidenceCoverageTest.test_hardware_requirement_is_not_an_execution_status) ... ok
test_missing_criterion_evidence_is_incomplete (test_agent_eval.EvidenceCoverageTest.test_missing_criterion_evidence_is_incomplete) ... ok
test_nonexistent_evidence_path_is_incomplete (test_agent_eval.EvidenceCoverageTest.test_nonexistent_evidence_path_is_incomplete) ... ok
test_auth_only_codex_home_does_not_copy_user_configuration (test_agent_eval.IsolationTest.test_auth_only_codex_home_does_not_copy_user_configuration) ... ok
test_case_prompt_and_command_include_evidence_and_safety_contracts (test_agent_eval.IsolationTest.test_case_prompt_and_command_include_evidence_and_safety_contracts) ... ok
test_codex_environment_uses_isolated_paths_and_scrubs_credentials (test_agent_eval.IsolationTest.test_codex_environment_uses_isolated_paths_and_scrubs_credentials) ... ok
test_external_case_definition_is_rejected (test_agent_eval.IsolationTest.test_external_case_definition_is_rejected) ... ok
test_manifest_and_git_status_detect_ignored_writes (test_agent_eval.IsolationTest.test_manifest_and_git_status_detect_ignored_writes) ... ok
test_no_model_containment_preflight_denies_host_files (test_agent_eval.IsolationTest.test_no_model_containment_preflight_denies_host_files) ... ok
test_outer_containment_uses_read_only_root_and_pid_namespace (test_agent_eval.IsolationTest.test_outer_containment_uses_read_only_root_and_pid_namespace) ... ok
test_permission_profile_is_default_deny_and_uses_exact_roots (test_agent_eval.IsolationTest.test_permission_profile_is_default_deny_and_uses_exact_roots) ... ok
test_revision_is_verified_as_a_commit (test_agent_eval.IsolationTest.test_revision_is_verified_as_a_commit) ... ok
test_sanitized_copy_excludes_git_history_and_evaluator (test_agent_eval.IsolationTest.test_sanitized_copy_excludes_git_history_and_evaluator) ... ok
test_snapshot_repository_has_one_clean_commit_without_hidden_rubric (test_agent_eval.IsolationTest.test_snapshot_repository_has_one_clean_commit_without_hidden_rubric) ... ok
test_snapshot_revision_is_deterministic_for_identical_content (test_agent_eval.IsolationTest.test_snapshot_revision_is_deterministic_for_identical_content) ... ok
test_local_git_environment_disables_implicit_network_reads (test_agent_eval.OfflineSubmoduleSnapshotTest.test_local_git_environment_disables_implicit_network_reads) ... ok
test_missing_recorded_submodule_object_fails_closed (test_agent_eval.OfflineSubmoduleSnapshotTest.test_missing_recorded_submodule_object_fails_closed) ... ok
test_missing_submodule_worktree_fails_before_source_creation (test_agent_eval.OfflineSubmoduleSnapshotTest.test_missing_submodule_worktree_fails_before_source_creation) ... ok
test_nested_missing_submodule_worktree_fails_closed (test_agent_eval.OfflineSubmoduleSnapshotTest.test_nested_missing_submodule_worktree_fails_closed) ... ok
test_network_capable_git_operations_are_rejected (test_agent_eval.OfflineSubmoduleSnapshotTest.test_network_capable_git_operations_are_rejected) ... ok
test_snapshot_uses_recorded_objects_not_dirty_submodule_worktree (test_agent_eval.OfflineSubmoduleSnapshotTest.test_snapshot_uses_recorded_objects_not_dirty_submodule_worktree) ... ok
test_codex_process_timeout_terminates_process (test_agent_eval.ProcessLifecycleTest.test_codex_process_timeout_terminates_process) ... ok
test_pid_namespace_kills_setsid_descendant_after_success (test_agent_eval.ProcessLifecycleTest.test_pid_namespace_kills_setsid_descendant_after_success) ... ok
test_pid_namespace_kills_setsid_descendant_on_timeout (test_agent_eval.ProcessLifecycleTest.test_pid_namespace_kills_setsid_descendant_on_timeout) ... ok
test_successful_leader_cannot_leave_a_background_descendant (test_agent_eval.ProcessLifecycleTest.test_successful_leader_cannot_leave_a_background_descendant) ... ok
test_timeout_kills_descendants_even_after_group_leader_exits (test_agent_eval.ProcessLifecycleTest.test_timeout_kills_descendants_even_after_group_leader_exits) ... ok
test_report_marks_coverage_as_requiring_semantic_audit (test_agent_eval.ReportTest.test_report_marks_coverage_as_requiring_semantic_audit) ... ok
test_report_retains_failed_case_write_audit (test_agent_eval.ReportTest.test_report_retains_failed_case_write_audit) ... ok
test_agent_eval_has_representative_cases_for_every_role (test_codex_config.CodexConfigTest.test_agent_eval_has_representative_cases_for_every_role) ... ok
test_primary_defaults_and_bounded_concurrency (test_codex_config.CodexConfigTest.test_primary_defaults_and_bounded_concurrency) ... ok
test_specialists_are_narrow_read_only_roles (test_codex_config.CodexConfigTest.test_specialists_are_narrow_read_only_roles) ... ok
test_operational_runbooks_are_not_duplicated_in_instruction_files (test_instruction_context.InstructionContextTest.test_operational_runbooks_are_not_duplicated_in_instruction_files) ... ok
test_progressive_disclosure_targets_exist (test_instruction_context.InstructionContextTest.test_progressive_disclosure_targets_exist) ... ok
test_representative_directories_resolve_expected_instructions (test_instruction_context.InstructionContextTest.test_representative_directories_resolve_expected_instructions) ... ok
test_root_and_scoped_chains_stay_bounded (test_instruction_context.InstructionContextTest.test_root_and_scoped_chains_stay_bounded) ... ok
test_contract_contains_resume_and_evidence_boundaries (test_plans_contract.PlansContractTest.test_contract_contains_resume_and_evidence_boundaries) ... ok
test_root_guidance_routes_substantial_work_to_contract (test_plans_contract.PlansContractTest.test_root_guidance_routes_substantial_work_to_contract) ... ok

----------------------------------------------------------------------
Ran 51 tests in 3.800s

OK
test_31_byte_override_is_accepted (test_release_contract.FirmwareVersionCmakeTest.test_31_byte_override_is_accepted) ... ok
test_32_byte_git_version_is_rejected_before_descriptor_truncation (test_release_contract.FirmwareVersionCmakeTest.test_32_byte_git_version_is_rejected_before_descriptor_truncation) ... ok
test_32_byte_override_is_rejected_before_descriptor_truncation (test_release_contract.FirmwareVersionCmakeTest.test_32_byte_override_is_rejected_before_descriptor_truncation) ... ok
test_dirty_suffix_cannot_push_git_version_past_descriptor_limit (test_release_contract.FirmwareVersionCmakeTest.test_dirty_suffix_cannot_push_git_version_past_descriptor_limit) ... ok
test_invalid_override_fails_configuration (test_release_contract.FirmwareVersionCmakeTest.test_invalid_override_fails_configuration) ... ok
test_tagged_and_dirty_versions_are_preserved (test_release_contract.FirmwareVersionCmakeTest.test_tagged_and_dirty_versions_are_preserved) ... ok
test_tagless_checkout_gets_semver_shaped_fallback (test_release_contract.FirmwareVersionCmakeTest.test_tagless_checkout_gets_semver_shaped_fallback) ... ok
test_all_ci_firmware_builds_select_esp32s3_explicitly (test_release_contract.ReleaseContractTest.test_all_ci_firmware_builds_select_esp32s3_explicitly) ... ok
test_ci_and_release_packages_retain_exact_diagnostics (test_release_contract.ReleaseContractTest.test_ci_and_release_packages_retain_exact_diagnostics) ... ok
test_external_actions_and_idf_images_are_immutably_pinned (test_release_contract.ReleaseContractTest.test_external_actions_and_idf_images_are_immutably_pinned) ... ok
test_factory_programming_erases_persistent_state_first (test_release_contract.ReleaseContractTest.test_factory_programming_erases_persistent_state_first) ... ok
test_flash_helper_checks_the_exact_image_and_device_health (test_release_contract.ReleaseContractTest.test_flash_helper_checks_the_exact_image_and_device_health) ... ok
test_flutter_install_uses_verified_official_archives (test_release_contract.ReleaseContractTest.test_flutter_install_uses_verified_official_archives) ... ok
test_github_release_client_fails_closed_on_bounded_input (test_release_contract.ReleaseContractTest.test_github_release_client_fails_closed_on_bounded_input) ... ok
test_hardware_ble_ota_failure_recovery_precedes_accepted_update (test_release_contract.ReleaseContractTest.test_hardware_ble_ota_failure_recovery_precedes_accepted_update) ... ok
test_hardware_ble_retry_is_bounded_to_transient_diagnostic_reads (test_release_contract.ReleaseContractTest.test_hardware_ble_retry_is_bounded_to_transient_diagnostic_reads) ... ok
test_hardware_cleanup_waits_for_espnow_to_stop (test_release_contract.ReleaseContractTest.test_hardware_cleanup_waits_for_espnow_to_stop) ... ok
test_hardware_espnow_uses_readiness_rounds_and_cancellation_probe (test_release_contract.ReleaseContractTest.test_hardware_espnow_uses_readiness_rounds_and_cancellation_probe) ... ok
test_hardware_ota_builds_use_three_bounded_distinct_versions (test_release_contract.ReleaseContractTest.test_hardware_ota_builds_use_three_bounded_distinct_versions) ... ok
test_hardware_ota_proves_version_partition_and_boot_transitions (test_release_contract.ReleaseContractTest.test_hardware_ota_proves_version_partition_and_boot_transitions) ... ok
test_hardware_registry_exercises_fanout_and_rejects_ambiguity (test_release_contract.ReleaseContractTest.test_hardware_registry_exercises_fanout_and_rejects_ambiguity) ... ok
test_hardware_requires_unique_ble_identity_and_complementary_roles (test_release_contract.ReleaseContractTest.test_hardware_requires_unique_ble_identity_and_complementary_roles) ... ok
test_hardware_separates_espnow_benchmark_and_drill_sessions (test_release_contract.ReleaseContractTest.test_hardware_separates_espnow_benchmark_and_drill_sessions) ... ok
test_hardware_serial_ota_negative_paths_prove_protocol_progress (test_release_contract.ReleaseContractTest.test_hardware_serial_ota_negative_paths_prove_protocol_progress) ... ok
test_hardware_summary_and_cleanup_retain_final_state (test_release_contract.ReleaseContractTest.test_hardware_summary_and_cleanup_retain_final_state) ... ok
test_hardware_summary_records_tested_head_and_base_commits (test_release_contract.ReleaseContractTest.test_hardware_summary_records_tested_head_and_base_commits) ... ok
test_ios_swift_package_resolution_is_locked_consistently (test_release_contract.ReleaseContractTest.test_ios_swift_package_resolution_is_locked_consistently) ... ok
test_local_and_ci_cli_checks_build_debug_and_release_profiles (test_release_contract.ReleaseContractTest.test_local_and_ci_cli_checks_build_debug_and_release_profiles) ... ok
test_local_firmware_check_matches_ci_configuration_invariants (test_release_contract.ReleaseContractTest.test_local_firmware_check_matches_ci_configuration_invariants) ... ok
test_local_host_test_build_is_ephemeral (test_release_contract.ReleaseContractTest.test_local_host_test_build_is_ephemeral) ... ok
test_markdownlint_uses_an_isolated_lts_node_runtime (test_release_contract.ReleaseContractTest.test_markdownlint_uses_an_isolated_lts_node_runtime) ... ok
test_release_accepts_stable_tags_only_and_documents_that_policy (test_release_contract.ReleaseContractTest.test_release_accepts_stable_tags_only_and_documents_that_policy) ... ok
test_release_build_embeds_the_validated_tag (test_release_contract.ReleaseContractTest.test_release_build_embeds_the_validated_tag) ... ok
test_release_publishes_digest_consumed_by_firmware (test_release_contract.ReleaseContractTest.test_release_publishes_digest_consumed_by_firmware) ... ok
test_release_publishes_exact_versioned_ota_asset (test_release_contract.ReleaseContractTest.test_release_publishes_exact_versioned_ota_asset) ... ok
test_restart_snapshot_helper_checks_boot_heap_backtrace_and_elf (test_release_contract.ReleaseContractTest.test_restart_snapshot_helper_checks_boot_heap_backtrace_and_elf) ... ok
test_software_ci_has_one_stable_aggregate_gate (test_release_contract.ReleaseContractTest.test_software_ci_has_one_stable_aggregate_gate) ... ok
test_software_ci_runs_every_host_tool_unit_suite (test_release_contract.ReleaseContractTest.test_software_ci_runs_every_host_tool_unit_suite) ... ok
test_accepts_consistent_snapshot_and_version_matched_elf (test_release_contract.RestartSnapshotHelperTest.test_accepts_consistent_snapshot_and_version_matched_elf) ... ok
test_rejects_wrong_boot_psram_heap_and_duplicate_frame (test_release_contract.RestartSnapshotHelperTest.test_rejects_wrong_boot_psram_heap_and_duplicate_frame) ... ok

----------------------------------------------------------------------
Ran 40 tests in 0.718s

OK
test_capabilities_distinguish_not_applicable (test_doctor.DoctorTest.test_capabilities_distinguish_not_applicable) ... ok
test_capabilities_propagate_failed_software (test_doctor.DoctorTest.test_capabilities_propagate_failed_software) ... ok
test_detects_stable_one_and_two_pod_layouts (test_doctor.DoctorTest.test_detects_stable_one_and_two_pod_layouts) ... ok
test_missing_required_tool_is_unavailable (test_doctor.DoctorTest.test_missing_required_tool_is_unavailable) ... ok
test_optional_hardware_does_not_fail_software_doctor (test_doctor.DoctorTest.test_optional_hardware_does_not_fail_software_doctor) ... ok
test_uninitialized_submodule_is_unavailable (test_doctor.DoctorTest.test_uninitialized_submodule_is_unavailable) ... ok
test_version_parser_and_pinned_mismatch (test_doctor.DoctorTest.test_version_parser_and_pinned_mismatch) ... ok

----------------------------------------------------------------------
Ran 7 tests in 0.007s

OK
test_accepts_existing_relative_root_and_encoded_paths (test_check_markdown_links.MarkdownLinkCheckerTest.test_accepts_existing_relative_root_and_encoded_paths) ... ok
test_checks_reference_definitions (test_check_markdown_links.MarkdownLinkCheckerTest.test_checks_reference_definitions) ... ok
test_ignores_fenced_inline_and_commented_examples (test_check_markdown_links.MarkdownLinkCheckerTest.test_ignores_fenced_inline_and_commented_examples) ... ok
test_rejects_targets_outside_repository (test_check_markdown_links.MarkdownLinkCheckerTest.test_rejects_targets_outside_repository) ... ok
test_reports_broken_link_with_source_line (test_check_markdown_links.MarkdownLinkCheckerTest.test_reports_broken_link_with_source_line) ... ok

----------------------------------------------------------------------
Ran 5 tests in 0.002s

OK
test_component_overrides_are_scoped (test_verify_plan.VerifyPlanTest.test_component_overrides_are_scoped) ... ok
test_cross_component_paths_select_every_consumer (test_verify_plan.VerifyPlanTest.test_cross_component_paths_select_every_consumer) ... ok
test_full_and_quick_preserve_gate_strength (test_verify_plan.VerifyPlanTest.test_full_and_quick_preserve_gate_strength) ... ok
test_full_local_checks_map_to_software_ci_jobs (test_verify_plan.VerifyPlanTest.test_full_local_checks_map_to_software_ci_jobs) ... ok
test_git_changes_include_tracked_deleted_and_untracked_paths (test_verify_plan.VerifyPlanTest.test_git_changes_include_tracked_deleted_and_untracked_paths) ... ok
test_hardware_workflow_change_reports_physical_obligations (test_verify_plan.VerifyPlanTest.test_hardware_workflow_change_reports_physical_obligations) ... ok
test_protocol_and_ota_report_hardware_outstanding (test_verify_plan.VerifyPlanTest.test_protocol_and_ota_report_hardware_outstanding) ... ok
test_representative_paths_select_matrix_rows (test_verify_plan.VerifyPlanTest.test_representative_paths_select_matrix_rows) ... ok
test_shell_dry_run_retains_plan_and_json_summary (test_verify_plan.VerifyPlanTest.test_shell_dry_run_retains_plan_and_json_summary) ... ok
test_shell_failure_retains_complete_check_log (test_verify_plan.VerifyPlanTest.test_shell_failure_retains_complete_check_log) ... ok
test_summary_propagates_failure_and_preserves_skip_reasons (test_verify_plan.VerifyPlanTest.test_summary_propagates_failure_and_preserves_skip_reasons) ... ok
test_unknown_path_fails_safe_to_full_gate (test_verify_plan.VerifyPlanTest.test_unknown_path_fails_safe_to_full_gate) ... ok

----------------------------------------------------------------------
Ran 12 tests in 0.409s

OK
Markdown links are current (89 files, 436 relative links)
test_check_detects_stale_registry (test_generate_trace_names.TraceNameGeneratorTest.test_check_detects_stale_registry) ... ok
test_collects_unique_production_literals (test_generate_trace_names.TraceNameGeneratorTest.test_collects_unique_production_literals) ... ok
test_comment_examples_are_not_collected (test_generate_trace_names.TraceNameGeneratorTest.test_comment_examples_are_not_collected) ... ok
test_comment_markers_inside_strings_are_preserved (test_generate_trace_names.TraceNameGeneratorTest.test_comment_markers_inside_strings_are_preserved) ... ok
test_fnv1a_matches_firmware_known_value (test_generate_trace_names.TraceNameGeneratorTest.test_fnv1a_matches_firmware_known_value) ... ok
test_metadata_only_input_is_preserved_in_every_alignment_mode (test_trace_merge.TraceMergeTests.test_metadata_only_input_is_preserved_in_every_alignment_mode) ... ok
test_raw_alignment_leaves_timestamps_unchanged (test_trace_merge.TraceMergeTests.test_raw_alignment_leaves_timestamps_unchanged) ... ok
test_sync_category_has_a_dedicated_lane (test_trace_merge.TraceMergeTests.test_sync_category_has_a_dedicated_lane) ... ok
test_zero_alignment_uses_only_timestamped_events (test_trace_merge.TraceMergeTests.test_zero_alignment_uses_only_timestamped_events) ... ok

----------------------------------------------------------------------
Ran 9 tests in 0.002s

OK
trace registry is current (84 names)
[0;32mPASS[0m Host Tooling (10s)

--- Flutter App ---
[1;33mSKIP[0m Flutter App (not selected)

--- ESP-IDF Firmware ---
Checking "python3" ...
Python 3.14.3
"python3" has been detected
Activating ESP-IDF 5.4
Setting IDF_PATH to '/home/pncosta/esp/esp-idf'.
* Checking python version ... 3.14.3
* Checking python dependencies ... OK
* Deactivating the current ESP-IDF environment (if any) ... OK
* Establishing a new ESP-IDF environment ... OK
* Identifying shell ... bash
* Detecting outdated tools in system ... Found tools that are not used by active ESP-IDF version.
For removing old versions of xtensa-esp-elf-gdb, openocd-esp32, xtensa-esp-elf, riscv32-esp-elf, qemu-xtensa use command 'python /home/pncosta/esp/esp-idf/tools/idf_tools.py uninstall'
To free up even more space, remove installation packages of those tools.
Use option python /home/pncosta/esp/esp-idf/tools/idf_tools.py uninstall --remove-archives.
* Shell completion ... Autocompletion code generated

Done! You can now compile ESP-IDF projects.
Go to the project directory and run:

  idf.py build
ESP-IDF v5.4.4
Executing action: all (aliases: build)
Running cmake in directory /tmp/tmp.mPyyQwp3UA/idf-build
Executing "cmake -G Ninja -DPYTHON_DEPS_CHECKED=1 -DPYTHON=/home/pncosta/.espressif/python_env/idf5.4_py3.14_env/bin/python -DESP_PLATFORM=1 -DIDF_TARGET=esp32s3 -DSDKCONFIG=/tmp/tmp.mPyyQwp3UA/sdkconfig -DCCACHE_ENABLE=0 /home/pncosta/domes/.worktrees/qemu-feasibility/firmware/domes"...
-- DOMES firmware version: v0.1.0-22-gb12dbdd-dirty
-- Found Git: /usr/bin/git (found version "2.53.0") 
-- The C compiler identification is GNU 14.2.0
-- The CXX compiler identification is GNU 14.2.0
-- The ASM compiler identification is GNU
-- Found assembler: /home/pncosta/.espressif/tools/xtensa-esp-elf/esp-14.2.0_20260121/xtensa-esp-elf/bin/xtensa-esp32s3-elf-gcc
-- Detecting C compiler ABI info
-- Detecting C compiler ABI info - done
-- Check for working C compiler: /home/pncosta/.espressif/tools/xtensa-esp-elf/esp-14.2.0_20260121/xtensa-esp-elf/bin/xtensa-esp32s3-elf-gcc - skipped
-- Detecting C compile features
-- Detecting C compile features - done
-- Detecting CXX compiler ABI info
-- Detecting CXX compiler ABI info - done
-- Check for working CXX compiler: /home/pncosta/.espressif/tools/xtensa-esp-elf/esp-14.2.0_20260121/xtensa-esp-elf/bin/xtensa-esp32s3-elf-g++ - skipped
-- Detecting CXX compile features
-- Detecting CXX compile features - done
-- Building ESP-IDF components for target esp32s3
NOTICE: 
Following dependencies have new versions available:
Dependency "espressif/mdns": "1.9.1" -> "1.11.3"
Consider running "idf.py update-dependencies" to update your lock file.
NOTICE: Processing 3 dependencies:
NOTICE: [1/3] espressif/led_strip (2.5.5)
NOTICE: [2/3] espressif/mdns (1.9.1)
NOTICE: [3/3] idf (5.4.4)
-- Project sdkconfig file /tmp/tmp.mPyyQwp3UA/sdkconfig
Loading defaults file /home/pncosta/domes/.worktrees/qemu-feasibility/firmware/domes/sdkconfig.defaults...
-- Compiler supported targets: xtensa-esp-elf
-- Found Python3: /home/pncosta/.espressif/python_env/idf5.4_py3.14_env/bin/python (found version "3.14.3") found components: Interpreter 
-- Looking for pthread.h
-- Looking for pthread.h - found
-- Performing Test CMAKE_HAVE_LIBC_PTHREAD
-- Performing Test CMAKE_HAVE_LIBC_PTHREAD - Success
-- Found Threads: TRUE  
-- Performing Test C_COMPILER_SUPPORTS_WFORMAT_SIGNEDNESS
-- Performing Test C_COMPILER_SUPPORTS_WFORMAT_SIGNEDNESS - Success
-- USING O3
-- App "domes" version: v0.1.0-22-gb12dbdd-dirty
-- Adding linker script /tmp/tmp.mPyyQwp3UA/idf-build/esp-idf/esp_system/ld/memory.ld
-- Adding linker script /tmp/tmp.mPyyQwp3UA/idf-build/esp-idf/esp_system/ld/sections.ld.in
-- Adding linker script /home/pncosta/esp/esp-idf/components/esp_rom/esp32s3/ld/esp32s3.rom.ld
-- Adding linker script /home/pncosta/esp/esp-idf/components/esp_rom/esp32s3/ld/esp32s3.rom.api.ld
-- Adding linker script /home/pncosta/esp/esp-idf/components/esp_rom/esp32s3/ld/esp32s3.rom.bt_funcs.ld
-- Adding linker script /home/pncosta/esp/esp-idf/components/esp_rom/esp32s3/ld/esp32s3.rom.libgcc.ld
-- Adding linker script /home/pncosta/esp/esp-idf/components/esp_rom/esp32s3/ld/esp32s3.rom.wdt.ld
-- Adding linker script /home/pncosta/esp/esp-idf/components/esp_rom/esp32s3/ld/esp32s3.rom.version.ld
-- Adding linker script /home/pncosta/esp/esp-idf/components/esp_rom/esp32s3/ld/esp32s3.rom.ble_cca.ld
-- Adding linker script /home/pncosta/esp/esp-idf/components/esp_rom/esp32s3/ld/esp32s3.rom.ble_test.ld
-- Adding linker script /home/pncosta/esp/esp-idf/components/esp_rom/esp32s3/ld/esp32s3.rom.newlib.ld
-- Adding linker script /home/pncosta/esp/esp-idf/components/soc/esp32s3/ld/esp32s3.peripherals.ld
-- Components: app_trace app_update bootloader bootloader_support bt cmock common console cxx driver efuse esp-tls esp_adc esp_app_format esp_bootloader_format esp_coex esp_common esp_driver_ana_cmpr esp_driver_cam esp_driver_dac esp_driver_gpio esp_driver_gptimer esp_driver_i2c esp_driver_i2s esp_driver_isp esp_driver_jpeg esp_driver_ledc esp_driver_mcpwm esp_driver_parlio esp_driver_pcnt esp_driver_ppa esp_driver_rmt esp_driver_sdio esp_driver_sdm esp_driver_sdmmc esp_driver_sdspi esp_driver_spi esp_driver_touch_sens esp_driver_tsens esp_driver_uart esp_driver_usb_serial_jtag esp_eth esp_event esp_gdbstub esp_hal_ieee802154 esp_hid esp_http_client esp_http_server esp_https_ota esp_https_server esp_hw_support esp_lcd esp_local_ctrl esp_mm esp_netif esp_netif_stack esp_partition esp_phy esp_pm esp_psram esp_ringbuf esp_rom esp_security esp_system esp_timer esp_vfs_console esp_wifi espcoredump espressif__led_strip espressif__mdns esptool_py fatfs freertos hal heap http_parser idf_test ieee802154 json log lwip main mbedtls mqtt nanopb_idf newlib nvs_flash nvs_sec_provider openthread partition_table perfmon protobuf-c protocomm pthread rt sdmmc soc spi_flash spiffs tcp_transport touch_element ulp unity usb vfs wear_levelling wifi_provisioning wpa_supplicant xtensa
-- Component paths: /home/pncosta/esp/esp-idf/components/app_trace /home/pncosta/esp/esp-idf/components/app_update /home/pncosta/esp/esp-idf/components/bootloader /home/pncosta/esp/esp-idf/components/bootloader_support /home/pncosta/esp/esp-idf/components/bt /home/pncosta/esp/esp-idf/components/cmock /home/pncosta/domes/.worktrees/qemu-feasibility/firmware/common /home/pncosta/esp/esp-idf/components/console /home/pncosta/esp/esp-idf/components/cxx /home/pncosta/esp/esp-idf/components/driver /home/pncosta/esp/esp-idf/components/efuse /home/pncosta/esp/esp-idf/components/esp-tls /home/pncosta/esp/esp-idf/components/esp_adc /home/pncosta/esp/esp-idf/components/esp_app_format /home/pncosta/esp/esp-idf/components/esp_bootloader_format /home/pncosta/esp/esp-idf/components/esp_coex /home/pncosta/esp/esp-idf/components/esp_common /home/pncosta/esp/esp-idf/components/esp_driver_ana_cmpr /home/pncosta/esp/esp-idf/components/esp_driver_cam /home/pncosta/esp/esp-idf/components/esp_driver_dac /home/pncosta/esp/esp-idf/components/esp_driver_gpio /home/pncosta/esp/esp-idf/components/esp_driver_gptimer /home/pncosta/esp/esp-idf/components/esp_driver_i2c /home/pncosta/esp/esp-idf/components/esp_driver_i2s /home/pncosta/esp/esp-idf/components/esp_driver_isp /home/pncosta/esp/esp-idf/components/esp_driver_jpeg /home/pncosta/esp/esp-idf/components/esp_driver_ledc /home/pncosta/esp/esp-idf/components/esp_driver_mcpwm /home/pncosta/esp/esp-idf/components/esp_driver_parlio /home/pncosta/esp/esp-idf/components/esp_driver_pcnt /home/pncosta/esp/esp-idf/components/esp_driver_ppa /home/pncosta/esp/esp-idf/components/esp_driver_rmt /home/pncosta/esp/esp-idf/components/esp_driver_sdio /home/pncosta/esp/esp-idf/components/esp_driver_sdm /home/pncosta/esp/esp-idf/components/esp_driver_sdmmc /home/pncosta/esp/esp-idf/components/esp_driver_sdspi /home/pncosta/esp/esp-idf/components/esp_driver_spi /home/pncosta/esp/esp-idf/components/esp_driver_touch_sens /home/pncosta/esp/esp-idf/components/esp_driver_tsens /home/pncosta/esp/esp-idf/components/esp_driver_uart /home/pncosta/esp/esp-idf/components/esp_driver_usb_serial_jtag /home/pncosta/esp/esp-idf/components/esp_eth /home/pncosta/esp/esp-idf/components/esp_event /home/pncosta/esp/esp-idf/components/esp_gdbstub /home/pncosta/esp/esp-idf/components/esp_hal_ieee802154 /home/pncosta/esp/esp-idf/components/esp_hid /home/pncosta/esp/esp-idf/components/esp_http_client /home/pncosta/esp/esp-idf/components/esp_http_server /home/pncosta/esp/esp-idf/components/esp_https_ota /home/pncosta/esp/esp-idf/components/esp_https_server /home/pncosta/esp/esp-idf/components/esp_hw_support /home/pncosta/esp/esp-idf/components/esp_lcd /home/pncosta/esp/esp-idf/components/esp_local_ctrl /home/pncosta/esp/esp-idf/components/esp_mm /home/pncosta/esp/esp-idf/components/esp_netif /home/pncosta/esp/esp-idf/components/esp_netif_stack /home/pncosta/esp/esp-idf/components/esp_partition /home/pncosta/esp/esp-idf/components/esp_phy /home/pncosta/esp/esp-idf/components/esp_pm /home/pncosta/esp/esp-idf/components/esp_psram /home/pncosta/esp/esp-idf/components/esp_ringbuf /home/pncosta/esp/esp-idf/components/esp_rom /home/pncosta/esp/esp-idf/components/esp_security /home/pncosta/esp/esp-idf/components/esp_system /home/pncosta/esp/esp-idf/components/esp_timer /home/pncosta/esp/esp-idf/components/esp_vfs_console /home/pncosta/esp/esp-idf/components/esp_wifi /home/pncosta/esp/esp-idf/components/espcoredump /home/pncosta/domes/.worktrees/qemu-feasibility/firmware/domes/managed_components/espressif__led_strip /home/pncosta/domes/.worktrees/qemu-feasibility/firmware/domes/managed_components/espressif__mdns /home/pncosta/esp/esp-idf/components/esptool_py /home/pncosta/esp/esp-idf/components/fatfs /home/pncosta/esp/esp-idf/components/freertos /home/pncosta/esp/esp-idf/components/hal /home/pncosta/esp/esp-idf/components/heap /home/pncosta/esp/esp-idf/components/http_parser /home/pncosta/esp/esp-idf/components/idf_test /home/pncosta/esp/esp-idf/components/ieee802154 /home/pncosta/esp/esp-idf/components/json /home/pncosta/esp/esp-idf/components/log /home/pncosta/esp/esp-idf/components/lwip /home/pncosta/domes/.worktrees/qemu-feasibility/firmware/domes/main /home/pncosta/esp/esp-idf/components/mbedtls /home/pncosta/esp/esp-idf/components/mqtt /home/pncosta/domes/.worktrees/qemu-feasibility/firmware/domes/components/nanopb_idf /home/pncosta/esp/esp-idf/components/newlib /home/pncosta/esp/esp-idf/components/nvs_flash /home/pncosta/esp/esp-idf/components/nvs_sec_provider /home/pncosta/esp/esp-idf/components/openthread /home/pncosta/esp/esp-idf/components/partition_table /home/pncosta/esp/esp-idf/components/perfmon /home/pncosta/esp/esp-idf/components/protobuf-c /home/pncosta/esp/esp-idf/components/protocomm /home/pncosta/esp/esp-idf/components/pthread /home/pncosta/esp/esp-idf/components/rt /home/pncosta/esp/esp-idf/components/sdmmc /home/pncosta/esp/esp-idf/components/soc /home/pncosta/esp/esp-idf/components/spi_flash /home/pncosta/esp/esp-idf/components/spiffs /home/pncosta/esp/esp-idf/components/tcp_transport /home/pncosta/esp/esp-idf/components/touch_element /home/pncosta/esp/esp-idf/components/ulp /home/pncosta/esp/esp-idf/components/unity /home/pncosta/esp/esp-idf/components/usb /home/pncosta/esp/esp-idf/components/vfs /home/pncosta/esp/esp-idf/components/wear_levelling /home/pncosta/esp/esp-idf/components/wifi_provisioning /home/pncosta/esp/esp-idf/components/wpa_supplicant /home/pncosta/esp/esp-idf/components/xtensa
-- Configuring done
-- Generating done
-- Build files have been written to: /tmp/tmp.mPyyQwp3UA/idf-build
Running ninja in directory /tmp/tmp.mPyyQwp3UA/idf-build
Executing "ninja all"...
[1/1233] Generating project_elf_src_esp32s3.c
[2/1233] Generating /tmp/tmp.mPyyQwp3UA/idf-build/esp-idf/esp_system/ld/memory.ld linker script...
[3/1233] Generating /tmp/tmp.mPyyQwp3UA/idf-build/esp-idf/esp_system/ld/sections.ld.in linker script...
[4/1233] Building C object esp-idf/espcoredump/CMakeFiles/__idf_espcoredump.dir/src/core_dump_sha.c.obj
[5/1233] Building ASM object esp-idf/espcoredump/CMakeFiles/__idf_espcoredump.dir/src/port/xtensa/core_dump_stack_switch.S.obj
[6/1233] Building C object esp-idf/espcoredump/CMakeFiles/__idf_espcoredump.dir/src/core_dump_init.c.obj
[7/1233] Building C object esp-idf/espcoredump/CMakeFiles/__idf_espcoredump.dir/src/core_dump_crc.c.obj
[8/1233] Generating ../../ota_data_initial.bin
[9/1233] Building C object esp-idf/espcoredump/CMakeFiles/__idf_espcoredump.dir/src/core_dump_uart.c.obj
[10/1233] Building C object esp-idf/espcoredump/CMakeFiles/__idf_espcoredump.dir/src/core_dump_binary.c.obj
[11/1233] Building C object esp-idf/esp_http_server/CMakeFiles/__idf_esp_http_server.dir/src/httpd_ws.c.obj
[12/1233] Building C object esp-idf/espcoredump/CMakeFiles/__idf_espcoredump.dir/src/core_dump_common.c.obj
[13/1233] Building C object esp-idf/esp_http_server/CMakeFiles/__idf_esp_http_server.dir/src/util/ctrl_sock.c.obj
[14/1233] Building C object esp-idf/esp_http_server/CMakeFiles/__idf_esp_http_server.dir/src/httpd_uri.c.obj
[15/1233] Building C object esp-idf/espcoredump/CMakeFiles/__idf_espcoredump.dir/src/port/xtensa/core_dump_port.c.obj
[16/1233] Building C object esp-idf/espcoredump/CMakeFiles/__idf_espcoredump.dir/src/core_dump_flash.c.obj
[17/1233] Building C object esp-idf/esp_http_client/CMakeFiles/__idf_esp_http_client.dir/lib/http_utils.c.obj
[18/1233] Building C object esp-idf/esp_http_client/CMakeFiles/__idf_esp_http_client.dir/lib/http_auth.c.obj
[19/1233] Building C object esp-idf/esp_https_ota/CMakeFiles/__idf_esp_https_ota.dir/src/esp_https_ota.c.obj
[20/1233] Building C object esp-idf/esp_http_client/CMakeFiles/__idf_esp_http_client.dir/lib/http_header.c.obj
[21/1233] Building C object esp-idf/esp_http_server/CMakeFiles/__idf_esp_http_server.dir/src/httpd_main.c.obj
[22/1233] Building C object esp-idf/esp_http_server/CMakeFiles/__idf_esp_http_server.dir/src/httpd_sess.c.obj
[23/1233] Building C object esp-idf/esp_psram/CMakeFiles/__idf_esp_psram.dir/mmu_psram_flash.c.obj
[24/1233] Generating ../../partition_table/partition-table.bin
Partition table binary generated. Contents:
*******************************************************************************
# ESP-IDF Partition Table
# Name, Type, SubType, Offset, Size, Flags
nvs,data,nvs,0x9000,24K,
otadata,data,ota,0xf000,8K,
phy_init,data,phy,0x11000,4K,
ota_0,app,ota_0,0x20000,1920K,
ota_1,app,ota_1,0x200000,1920K,
spiffs,data,spiffs,0x3e0000,4M,
coredump,data,coredump,0x7e0000,128K,
*******************************************************************************
[25/1233] Building C object esp-idf/espcoredump/CMakeFiles/__idf_espcoredump.dir/src/core_dump_elf.c.obj
[26/1233] Building C object esp-idf/tcp_transport/CMakeFiles/__idf_tcp_transport.dir/transport_socks_proxy.c.obj
[27/1233] Linking C static library esp-idf/espcoredump/libespcoredump.a
[28/1233] Building C object esp-idf/tcp_transport/CMakeFiles/__idf_tcp_transport.dir/transport_internal.c.obj
[29/1233] Building C object esp-idf/esp_adc/CMakeFiles/__idf_esp_adc.dir/deprecated/esp_adc_cal_common_legacy.c.obj
[30/1233] Building C object esp-idf/tcp_transport/CMakeFiles/__idf_tcp_transport.dir/transport.c.obj
[31/1233] Linking C static library esp-idf/esp_https_ota/libesp_https_ota.a
[32/1233] Building C object esp-idf/esp_adc/CMakeFiles/__idf_esp_adc.dir/adc_cali_curve_fitting.c.obj
[33/1233] Building C object esp-idf/esp_http_server/CMakeFiles/__idf_esp_http_server.dir/src/httpd_txrx.c.obj
[34/1233] Building C object esp-idf/esp_psram/CMakeFiles/__idf_esp_psram.dir/esp_psram.c.obj
[35/1233] Building C object esp-idf/esp_http_server/CMakeFiles/__idf_esp_http_server.dir/src/httpd_parse.c.obj
[36/1233] Building C object esp-idf/esp_psram/CMakeFiles/__idf_esp_psram.dir/esp32s3/esp_psram_impl_octal.c.obj
[37/1233] Building C object esp-idf/esp_adc/CMakeFiles/__idf_esp_adc.dir/adc_cali.c.obj
[38/1233] Linking C static library esp-idf/esp_http_server/libesp_http_server.a
[39/1233] Building C object esp-idf/esp_adc/CMakeFiles/__idf_esp_adc.dir/esp32s3/curve_fitting_coefficients.c.obj
[40/1233] Building C object esp-idf/esp-tls/CMakeFiles/__idf_esp-tls.dir/esp_tls_platform_port.c.obj
[41/1233] Building C object esp-idf/esp_adc/CMakeFiles/__idf_esp_adc.dir/deprecated/esp32s3/esp_adc_cal_legacy.c.obj
[42/1233] Building C object esp-idf/esp_adc/CMakeFiles/__idf_esp_adc.dir/adc_common.c.obj
[43/1233] Building C object esp-idf/esp-tls/CMakeFiles/__idf_esp-tls.dir/esp-tls-crypto/esp_tls_crypto.c.obj
[44/1233] Building C object esp-idf/esp_adc/CMakeFiles/__idf_esp_adc.dir/adc_oneshot.c.obj
[45/1233] Building C object esp-idf/esp_adc/CMakeFiles/__idf_esp_adc.dir/gdma/adc_dma.c.obj
[46/1233] Building ASM object esp-idf/esp_gdbstub/CMakeFiles/__idf_esp_gdbstub.dir/src/port/xtensa/gdbstub-entry.S.obj
[47/1233] Building C object esp-idf/tcp_transport/CMakeFiles/__idf_tcp_transport.dir/transport_ssl.c.obj
[48/1233] Building C object esp-idf/esp_adc/CMakeFiles/__idf_esp_adc.dir/adc_monitor.c.obj
[49/1233] Building ASM object esp-idf/esp_gdbstub/CMakeFiles/__idf_esp_gdbstub.dir/src/port/xtensa/xt_debugexception.S.obj
[50/1233] Building C object esp-idf/esp_gdbstub/CMakeFiles/__idf_esp_gdbstub.dir/src/gdbstub_transport.c.obj
[51/1233] Building C object esp-idf/esp-tls/CMakeFiles/__idf_esp-tls.dir/esp_tls_error_capture.c.obj
[52/1233] Building C object esp-idf/esp_wifi/CMakeFiles/__idf_esp_wifi.dir/src/lib_printf.c.obj
[53/1233] Building C object esp-idf/esp_gdbstub/CMakeFiles/__idf_esp_gdbstub.dir/src/packet.c.obj
[54/1233] Building C object esp-idf/esp_adc/CMakeFiles/__idf_esp_adc.dir/adc_filter.c.obj
[55/1233] Building C object esp-idf/esp_wifi/CMakeFiles/__idf_esp_wifi.dir/src/mesh_event.c.obj
[56/1233] Building C object esp-idf/esp_adc/CMakeFiles/__idf_esp_adc.dir/adc_continuous.c.obj
[57/1233] Building C object esp-idf/esp_wifi/CMakeFiles/__idf_esp_wifi.dir/src/wifi_default_ap.c.obj
[58/1233] Building C object esp-idf/esp_coex/CMakeFiles/__idf_esp_coex.dir/src/coexist_debug_diagram.c.obj
[59/1233] Building C object esp-idf/esp_gdbstub/CMakeFiles/__idf_esp_gdbstub.dir/src/port/xtensa/gdbstub_xtensa.c.obj
[60/1233] Building C object esp-idf/tcp_transport/CMakeFiles/__idf_tcp_transport.dir/transport_ws.c.obj
[61/1233] Building C object esp-idf/esp_gdbstub/CMakeFiles/__idf_esp_gdbstub.dir/src/gdbstub.c.obj
[62/1233] Building C object esp-idf/esp_wifi/CMakeFiles/__idf_esp_wifi.dir/src/smartconfig.c.obj
[63/1233] Building C object esp-idf/esp_wifi/CMakeFiles/__idf_esp_wifi.dir/src/wifi_netif.c.obj
[64/1233] Building C object esp-idf/esp_coex/CMakeFiles/__idf_esp_coex.dir/src/coexist.c.obj
[65/1233] Building C object esp-idf/esp_coex/CMakeFiles/__idf_esp_coex.dir/src/lib_printf.c.obj
[66/1233] Building C object esp-idf/esp_coex/CMakeFiles/__idf_esp_coex.dir/src/coexist_debug.c.obj
[67/1233] Building C object esp-idf/esp_http_client/CMakeFiles/__idf_esp_http_client.dir/esp_http_client.c.obj
[68/1233] Building C object esp-idf/esp_wifi/CMakeFiles/__idf_esp_wifi.dir/src/wifi_default.c.obj
[69/1233] Building C object esp-idf/esp_wifi/CMakeFiles/__idf_esp_wifi.dir/src/wifi_init.c.obj
[70/1233] Linking C static library esp-idf/esp_http_client/libesp_http_client.a
[71/1233] Building C object esp-idf/esp-tls/CMakeFiles/__idf_esp-tls.dir/esp_tls.c.obj
[72/1233] Linking C static library esp-idf/tcp_transport/libtcp_transport.a
[73/1233] Building C object esp-idf/esp_wifi/CMakeFiles/__idf_esp_wifi.dir/src/smartconfig_ack.c.obj
[74/1233] Building C object esp-idf/esp-tls/CMakeFiles/__idf_esp-tls.dir/esp_tls_mbedtls.c.obj
[75/1233] Building C object esp-idf/wpa_supplicant/CMakeFiles/__idf_wpa_supplicant.dir/port/os_xtensa.c.obj
[76/1233] Building C object esp-idf/esp_coex/CMakeFiles/__idf_esp_coex.dir/esp32s3/esp_coex_adapter.c.obj
[77/1233] Linking C static library esp-idf/esp_psram/libesp_psram.a
[78/1233] Building C object esp-idf/wpa_supplicant/CMakeFiles/__idf_wpa_supplicant.dir/src/ap/ap_config.c.obj
[79/1233] Linking C static library esp-idf/esp_adc/libesp_adc.a
[80/1233] Building C object esp-idf/esp_wifi/CMakeFiles/__idf_esp_wifi.dir/esp32s3/esp_adapter.c.obj
[81/1233] Building C object esp-idf/wpa_supplicant/CMakeFiles/__idf_wpa_supplicant.dir/src/ap/pmksa_cache_auth.c.obj
[82/1233] Building C object esp-idf/wpa_supplicant/CMakeFiles/__idf_wpa_supplicant.dir/src/ap/ieee802_1x.c.obj
[83/1233] Linking C static library esp-idf/esp-tls/libesp-tls.a
[84/1233] Building C object esp-idf/wpa_supplicant/CMakeFiles/__idf_wpa_supplicant.dir/src/ap/comeback_token.c.obj
[85/1233] Building C object esp-idf/wpa_supplicant/CMakeFiles/__idf_wpa_supplicant.dir/src/ap/sta_info.c.obj
[86/1233] Building C object esp-idf/wpa_supplicant/CMakeFiles/__idf_wpa_supplicant.dir/src/ap/wpa_auth_ie.c.obj
[87/1233] Building C object esp-idf/wpa_supplicant/CMakeFiles/__idf_wpa_supplicant.dir/src/crypto/sha256-kdf.c.obj
[88/1233] Building C object esp-idf/wpa_supplicant/CMakeFiles/__idf_wpa_supplicant.dir/port/eloop.c.obj
[89/1233] Building C object esp-idf/wpa_supplicant/CMakeFiles/__idf_wpa_supplicant.dir/src/utils/bitfield.c.obj
[90/1233] Building C object esp-idf/wpa_supplicant/CMakeFiles/__idf_wpa_supplicant.dir/src/common/dragonfly.c.obj
[91/1233] Building C object esp-idf/wpa_supplicant/CMakeFiles/__idf_wpa_supplicant.dir/src/crypto/aes-siv.c.obj
[92/1233] Building C object esp-idf/wpa_supplicant/CMakeFiles/__idf_wpa_supplicant.dir/src/ap/ieee802_11.c.obj
[93/1233] Building C object esp-idf/wpa_supplicant/CMakeFiles/__idf_wpa_supplicant.dir/src/crypto/crypto_ops.c.obj
[94/1233] Building C object esp-idf/wpa_supplicant/CMakeFiles/__idf_wpa_supplicant.dir/src/crypto/dh_group5.c.obj
[95/1233] Building C object esp-idf/wpa_supplicant/CMakeFiles/__idf_wpa_supplicant.dir/src/crypto/sha1-tlsprf.c.obj
[96/1233] Building C object esp-idf/wpa_supplicant/CMakeFiles/__idf_wpa_supplicant.dir/src/crypto/ccmp.c.obj
[97/1233] Building C object esp-idf/wpa_supplicant/CMakeFiles/__idf_wpa_supplicant.dir/src/crypto/aes-gcm.c.obj
[98/1233] Building C object esp-idf/wpa_supplicant/CMakeFiles/__idf_wpa_supplicant.dir/src/crypto/sha256-tlsprf.c.obj
[99/1233] Building C object esp-idf/wpa_supplicant/CMakeFiles/__idf_wpa_supplicant.dir/src/crypto/sha384-tlsprf.c.obj
[100/1233] Building C object esp-idf/wpa_supplicant/CMakeFiles/__idf_wpa_supplicant.dir/src/crypto/sha256-prf.c.obj
[101/1233] Building C object esp-idf/wpa_supplicant/CMakeFiles/__idf_wpa_supplicant.dir/src/crypto/dh_groups.c.obj
[102/1233] Building C object esp-idf/wpa_supplicant/CMakeFiles/__idf_wpa_supplicant.dir/src/crypto/sha384-prf.c.obj
[103/1233] Building C object esp-idf/wpa_supplicant/CMakeFiles/__idf_wpa_supplicant.dir/src/crypto/sha1-prf.c.obj
[104/1233] Building C object esp-idf/wpa_supplicant/CMakeFiles/__idf_wpa_supplicant.dir/src/common/wpa_common.c.obj
[105/1233] Building C object esp-idf/wpa_supplicant/CMakeFiles/__idf_wpa_supplicant.dir/src/crypto/md4-internal.c.obj
[106/1233] Building C object esp-idf/wpa_supplicant/CMakeFiles/__idf_wpa_supplicant.dir/src/eap_common/eap_wsc_common.c.obj
[107/1233] Building C object esp-idf/wpa_supplicant/CMakeFiles/__idf_wpa_supplicant.dir/src/crypto/ms_funcs.c.obj
[108/1233] Building C object esp-idf/wpa_supplicant/CMakeFiles/__idf_wpa_supplicant.dir/src/crypto/sha1-tprf.c.obj
[109/1233] Building C object esp-idf/wpa_supplicant/CMakeFiles/__idf_wpa_supplicant.dir/src/eap_peer/chap.c.obj
[110/1233] Building C object esp-idf/wpa_supplicant/CMakeFiles/__idf_wpa_supplicant.dir/src/eap_peer/eap_common.c.obj
[111/1233] Building C object esp-idf/wpa_supplicant/CMakeFiles/__idf_wpa_supplicant.dir/src/eap_peer/eap_peap_common.c.obj
[112/1233] Building C object esp-idf/wpa_supplicant/CMakeFiles/__idf_wpa_supplicant.dir/src/common/ieee802_11_common.c.obj
[113/1233] Building C object esp-idf/wpa_supplicant/CMakeFiles/__idf_wpa_supplicant.dir/src/eap_peer/eap_tls.c.obj
[114/1233] Building C object esp-idf/http_parser/CMakeFiles/__idf_http_parser.dir/http_parser.c.obj
[115/1233] Building C object esp-idf/wpa_supplicant/CMakeFiles/__idf_wpa_supplicant.dir/src/eap_peer/mschapv2.c.obj
[116/1233] Building C object esp-idf/wpa_supplicant/CMakeFiles/__idf_wpa_supplicant.dir/src/eap_peer/eap_mschapv2.c.obj
[117/1233] Linking C static library esp-idf/http_parser/libhttp_parser.a
[118/1233] Building C object esp-idf/wpa_supplicant/CMakeFiles/__idf_wpa_supplicant.dir/src/ap/wpa_auth.c.obj
[119/1233] Building C object esp-idf/wpa_supplicant/CMakeFiles/__idf_wpa_supplicant.dir/src/eap_peer/eap_fast_common.c.obj
[120/1233] Linking C static library esp-idf/esp_gdbstub/libesp_gdbstub.a
[121/1233] Building C object esp-idf/wpa_supplicant/CMakeFiles/__idf_wpa_supplicant.dir/src/eap_peer/eap.c.obj
[122/1233] Building C object esp-idf/wpa_supplicant/CMakeFiles/__idf_wpa_supplicant.dir/src/rsn_supp/pmksa_cache.c.obj
[123/1233] Building C object esp-idf/wpa_supplicant/CMakeFiles/__idf_wpa_supplicant.dir/src/utils/base64.c.obj
[124/1233] Linking C static library esp-idf/esp_wifi/libesp_wifi.a
[125/1233] Building C object esp-idf/wpa_supplicant/CMakeFiles/__idf_wpa_supplicant.dir/src/eap_peer/eap_peap.c.obj
[126/1233] Building C object esp-idf/wpa_supplicant/CMakeFiles/__idf_wpa_supplicant.dir/src/common/sae.c.obj
[127/1233] Building C object esp-idf/wpa_supplicant/CMakeFiles/__idf_wpa_supplicant.dir/src/rsn_supp/wpa_ie.c.obj
[128/1233] Building C object esp-idf/wpa_supplicant/CMakeFiles/__idf_wpa_supplicant.dir/src/utils/ext_password.c.obj
[129/1233] Building C object esp-idf/wpa_supplicant/CMakeFiles/__idf_wpa_supplicant.dir/src/utils/common.c.obj
[130/1233] Building C object esp-idf/wpa_supplicant/CMakeFiles/__idf_wpa_supplicant.dir/src/eap_peer/eap_tls_common.c.obj
[131/1233] Building C object esp-idf/wpa_supplicant/CMakeFiles/__idf_wpa_supplicant.dir/src/eap_peer/eap_fast_pac.c.obj
[132/1233] Building C object esp-idf/wpa_supplicant/CMakeFiles/__idf_wpa_supplicant.dir/src/utils/uuid.c.obj
[133/1233] Building C object esp-idf/wpa_supplicant/CMakeFiles/__idf_wpa_supplicant.dir/src/utils/wpa_debug.c.obj
[134/1233] Building C object esp-idf/wpa_supplicant/CMakeFiles/__idf_wpa_supplicant.dir/src/utils/wpabuf.c.obj
[135/1233] Building C object esp-idf/wpa_supplicant/CMakeFiles/__idf_wpa_supplicant.dir/src/eap_peer/eap_ttls.c.obj
[136/1233] Building C object esp-idf/wpa_supplicant/CMakeFiles/__idf_wpa_supplicant.dir/esp_supplicant/src/esp_wpa2_api_port.c.obj
[137/1233] Building C object esp-idf/wpa_supplicant/CMakeFiles/__idf_wpa_supplicant.dir/src/wps/wps.c.obj
[138/1233] Building C object esp-idf/wpa_supplicant/CMakeFiles/__idf_wpa_supplicant.dir/src/wps/wps_attr_process.c.obj
[139/1233] Building C object esp-idf/wpa_supplicant/CMakeFiles/__idf_wpa_supplicant.dir/src/wps/wps_attr_parse.c.obj
[140/1233] Building C object esp-idf/wpa_supplicant/CMakeFiles/__idf_wpa_supplicant.dir/src/utils/json.c.obj
[141/1233] Building C object esp-idf/wpa_supplicant/CMakeFiles/__idf_wpa_supplicant.dir/src/wps/wps_attr_build.c.obj
[142/1233] Building C object esp-idf/wpa_supplicant/CMakeFiles/__idf_wpa_supplicant.dir/src/wps/wps_common.c.obj
[143/1233] Building C object esp-idf/wpa_supplicant/CMakeFiles/__idf_wpa_supplicant.dir/esp_supplicant/src/esp_wpas_glue.c.obj
[144/1233] Building C object esp-idf/wpa_supplicant/CMakeFiles/__idf_wpa_supplicant.dir/src/eap_peer/eap_fast.c.obj
[145/1233] Building C object esp-idf/wpa_supplicant/CMakeFiles/__idf_wpa_supplicant.dir/esp_supplicant/src/esp_common.c.obj
[146/1233] Building C object esp-idf/wpa_supplicant/CMakeFiles/__idf_wpa_supplicant.dir/src/wps/wps_dev_attr.c.obj
[147/1233] Building C object esp-idf/wpa_supplicant/CMakeFiles/__idf_wpa_supplicant.dir/esp_supplicant/src/esp_wpa_main.c.obj
[148/1233] Building C object esp-idf/wpa_supplicant/CMakeFiles/__idf_wpa_supplicant.dir/esp_supplicant/src/esp_owe.c.obj
[149/1233] Building C object esp-idf/wpa_supplicant/CMakeFiles/__idf_wpa_supplicant.dir/src/common/sae_pk.c.obj
[150/1233] Building C object esp-idf/wpa_supplicant/CMakeFiles/__idf_wpa_supplicant.dir/esp_supplicant/src/crypto/fastpsk.c.obj
[151/1233] Linking C static library esp-idf/esp_coex/libesp_coex.a
[152/1233] Building C object esp-idf/wpa_supplicant/CMakeFiles/__idf_wpa_supplicant.dir/esp_supplicant/src/esp_wpa3.c.obj
[153/1233] Building C object esp-idf/wpa_supplicant/CMakeFiles/__idf_wpa_supplicant.dir/src/crypto/rc4.c.obj
[154/1233] Building C object esp-idf/wpa_supplicant/CMakeFiles/__idf_wpa_supplicant.dir/src/wps/wps_enrollee.c.obj
[155/1233] Building C object esp-idf/wpa_supplicant/CMakeFiles/__idf_wpa_supplicant.dir/esp_supplicant/src/crypto/crypto_mbedtls-bignum.c.obj
[156/1233] Building C object esp-idf/wpa_supplicant/CMakeFiles/__idf_wpa_supplicant.dir/src/crypto/aes-wrap.c.obj
[157/1233] Building C object esp-idf/wpa_supplicant/CMakeFiles/__idf_wpa_supplicant.dir/esp_supplicant/src/esp_hostap.c.obj
[158/1233] Building C object esp-idf/wpa_supplicant/CMakeFiles/__idf_wpa_supplicant.dir/src/crypto/aes-unwrap.c.obj
[159/1233] Building C object esp-idf/esp_netif/CMakeFiles/__idf_esp_netif.dir/esp_netif_defaults.c.obj
[160/1233] Building C object esp-idf/wpa_supplicant/CMakeFiles/__idf_wpa_supplicant.dir/esp_supplicant/src/crypto/crypto_mbedtls.c.obj
[161/1233] Building C object esp-idf/wpa_supplicant/CMakeFiles/__idf_wpa_supplicant.dir/src/crypto/aes-ccm.c.obj
[162/1233] Building C object esp-idf/wpa_supplicant/CMakeFiles/__idf_wpa_supplicant.dir/src/crypto/des-internal.c.obj
[163/1233] Building C object esp-idf/esp_netif/CMakeFiles/__idf_esp_netif.dir/esp_netif_handlers.c.obj
[164/1233] Building C object esp-idf/wpa_supplicant/CMakeFiles/__idf_wpa_supplicant.dir/esp_supplicant/src/crypto/tls_mbedtls.c.obj
[165/1233] Building C object esp-idf/wpa_supplicant/CMakeFiles/__idf_wpa_supplicant.dir/src/rsn_supp/wpa.c.obj
[166/1233] Building C object esp-idf/esp_netif/CMakeFiles/__idf_esp_netif.dir/esp_netif_objects.c.obj
[167/1233] Building C object esp-idf/wpa_supplicant/CMakeFiles/__idf_wpa_supplicant.dir/esp_supplicant/src/crypto/fastpbkdf2.c.obj
[168/1233] Building C object esp-idf/wpa_supplicant/CMakeFiles/__idf_wpa_supplicant.dir/esp_supplicant/src/esp_eap_client.c.obj
[169/1233] Building C object esp-idf/esp_netif/CMakeFiles/__idf_esp_netif.dir/lwip/esp_netif_lwip_defaults.c.obj
[170/1233] Building C object esp-idf/wpa_supplicant/CMakeFiles/__idf_wpa_supplicant.dir/esp_supplicant/src/crypto/crypto_mbedtls-rsa.c.obj
[171/1233] Building C object esp-idf/lwip/CMakeFiles/__idf_lwip.dir/lwip/src/api/err.c.obj
[172/1233] Building C object esp-idf/esp_netif/CMakeFiles/__idf_esp_netif.dir/lwip/netif/wlanif.c.obj
[173/1233] Building C object esp-idf/esp_netif/CMakeFiles/__idf_esp_netif.dir/lwip/netif/ethernetif.c.obj
[174/1233] Building C object esp-idf/esp_netif/CMakeFiles/__idf_esp_netif.dir/lwip/esp_netif_sntp.c.obj
[175/1233] Building C object esp-idf/esp_netif/CMakeFiles/__idf_esp_netif.dir/lwip/netif/esp_pbuf_ref.c.obj
[176/1233] Building C object esp-idf/lwip/CMakeFiles/__idf_lwip.dir/lwip/src/api/netbuf.c.obj
[177/1233] Building C object esp-idf/lwip/CMakeFiles/__idf_lwip.dir/lwip/src/api/if_api.c.obj
[178/1233] Building C object esp-idf/wpa_supplicant/CMakeFiles/__idf_wpa_supplicant.dir/esp_supplicant/src/crypto/crypto_mbedtls-ec.c.obj
[179/1233] Building C object esp-idf/lwip/CMakeFiles/__idf_lwip.dir/apps/sntp/sntp.c.obj
[180/1233] Building C object esp-idf/lwip/CMakeFiles/__idf_lwip.dir/lwip/src/api/netifapi.c.obj
[181/1233] Building C object esp-idf/wpa_supplicant/CMakeFiles/__idf_wpa_supplicant.dir/esp_supplicant/src/esp_wps.c.obj
[182/1233] Building C object esp-idf/lwip/CMakeFiles/__idf_lwip.dir/lwip/src/api/netdb.c.obj
[183/1233] Building C object esp-idf/lwip/CMakeFiles/__idf_lwip.dir/lwip/src/api/tcpip.c.obj
[184/1233] Building C object esp-idf/lwip/CMakeFiles/__idf_lwip.dir/lwip/src/core/init.c.obj
[185/1233] Building C object esp-idf/lwip/CMakeFiles/__idf_lwip.dir/lwip/src/core/def.c.obj
[186/1233] Building C object esp-idf/lwip/CMakeFiles/__idf_lwip.dir/lwip/src/core/ip.c.obj
[187/1233] Building C object esp-idf/lwip/CMakeFiles/__idf_lwip.dir/lwip/src/api/api_lib.c.obj
[188/1233] Building C object esp-idf/lwip/CMakeFiles/__idf_lwip.dir/lwip/src/apps/sntp/sntp.c.obj
[189/1233] Building C object esp-idf/lwip/CMakeFiles/__idf_lwip.dir/lwip/src/core/memp.c.obj
[190/1233] Building C object esp-idf/lwip/CMakeFiles/__idf_lwip.dir/lwip/src/core/inet_chksum.c.obj
[191/1233] Linking C static library esp-idf/wpa_supplicant/libwpa_supplicant.a
[192/1233] Building C object esp-idf/lwip/CMakeFiles/__idf_lwip.dir/lwip/src/apps/netbiosns/netbiosns.c.obj
[193/1233] Building C object esp-idf/lwip/CMakeFiles/__idf_lwip.dir/lwip/src/core/mem.c.obj
[194/1233] Building C object esp-idf/lwip/CMakeFiles/__idf_lwip.dir/lwip/src/core/stats.c.obj
[195/1233] Building C object esp-idf/lwip/CMakeFiles/__idf_lwip.dir/lwip/src/api/api_msg.c.obj
[196/1233] Building C object esp-idf/lwip/CMakeFiles/__idf_lwip.dir/lwip/src/core/ipv4/autoip.c.obj
[197/1233] Building C object esp-idf/lwip/CMakeFiles/__idf_lwip.dir/lwip/src/core/sys.c.obj
[198/1233] Building C object esp-idf/lwip/CMakeFiles/__idf_lwip.dir/lwip/src/core/timeouts.c.obj
[199/1233] Building C object esp-idf/lwip/CMakeFiles/__idf_lwip.dir/lwip/src/core/raw.c.obj
[200/1233] Building C object esp-idf/lwip/CMakeFiles/__idf_lwip.dir/lwip/src/core/dns.c.obj
[201/1233] Building C object esp-idf/lwip/CMakeFiles/__idf_lwip.dir/lwip/src/core/pbuf.c.obj
[202/1233] Building C object esp-idf/lwip/CMakeFiles/__idf_lwip.dir/lwip/src/core/ipv4/icmp.c.obj
[203/1233] Building C object esp-idf/lwip/CMakeFiles/__idf_lwip.dir/lwip/src/core/netif.c.obj
[204/1233] Building C object esp-idf/lwip/CMakeFiles/__idf_lwip.dir/lwip/src/core/ipv4/ip4_napt.c.obj
[205/1233] Building C object esp-idf/lwip/CMakeFiles/__idf_lwip.dir/lwip/src/core/ipv4/ip4_addr.c.obj
[206/1233] Building C object esp-idf/lwip/CMakeFiles/__idf_lwip.dir/lwip/src/core/ipv6/ethip6.c.obj
[207/1233] Building C object esp-idf/lwip/CMakeFiles/__idf_lwip.dir/lwip/src/core/ipv4/etharp.c.obj
[208/1233] Building C object esp-idf/lwip/CMakeFiles/__idf_lwip.dir/lwip/src/core/ipv4/ip4_frag.c.obj
[209/1233] Building C object esp-idf/lwip/CMakeFiles/__idf_lwip.dir/lwip/src/core/ipv4/ip4.c.obj
[210/1233] Building C object esp-idf/esp_netif/CMakeFiles/__idf_esp_netif.dir/lwip/esp_netif_lwip.c.obj
[211/1233] Building C object esp-idf/lwip/CMakeFiles/__idf_lwip.dir/lwip/src/core/ipv6/dhcp6.c.obj
[212/1233] Building C object esp-idf/lwip/CMakeFiles/__idf_lwip.dir/lwip/src/core/ipv4/igmp.c.obj
[213/1233] Building C object esp-idf/lwip/CMakeFiles/__idf_lwip.dir/lwip/src/core/udp.c.obj
[214/1233] Building C object esp-idf/lwip/CMakeFiles/__idf_lwip.dir/lwip/src/core/tcp_out.c.obj
[215/1233] Building C object esp-idf/lwip/CMakeFiles/__idf_lwip.dir/lwip/src/core/ipv6/inet6.c.obj
[216/1233] Building C object esp-idf/lwip/CMakeFiles/__idf_lwip.dir/lwip/src/core/ipv6/icmp6.c.obj
[217/1233] Building C object esp-idf/lwip/CMakeFiles/__idf_lwip.dir/lwip/src/core/tcp_in.c.obj
[218/1233] Building C object esp-idf/lwip/CMakeFiles/__idf_lwip.dir/lwip/src/netif/bridgeif.c.obj
[219/1233] Building C object esp-idf/lwip/CMakeFiles/__idf_lwip.dir/lwip/src/core/tcp.c.obj
[220/1233] Building C object esp-idf/lwip/CMakeFiles/__idf_lwip.dir/lwip/src/core/ipv6/ip6_addr.c.obj
[221/1233] Building C object esp-idf/lwip/CMakeFiles/__idf_lwip.dir/lwip/src/netif/ethernet.c.obj
[222/1233] Building C object esp-idf/lwip/CMakeFiles/__idf_lwip.dir/lwip/src/core/ipv6/ip6_frag.c.obj
[223/1233] Building C object esp-idf/lwip/CMakeFiles/__idf_lwip.dir/lwip/src/core/ipv4/dhcp.c.obj
[224/1233] Building C object esp-idf/lwip/CMakeFiles/__idf_lwip.dir/lwip/src/netif/ppp/chap-md5.c.obj
[225/1233] Building C object esp-idf/lwip/CMakeFiles/__idf_lwip.dir/lwip/src/netif/ppp/auth.c.obj
[226/1233] Building C object esp-idf/lwip/CMakeFiles/__idf_lwip.dir/lwip/src/netif/bridgeif_fdb.c.obj
[227/1233] Building C object esp-idf/lwip/CMakeFiles/__idf_lwip.dir/lwip/src/netif/slipif.c.obj
[228/1233] Building C object esp-idf/lwip/CMakeFiles/__idf_lwip.dir/lwip/src/core/ipv6/mld6.c.obj
[229/1233] Building C object esp-idf/lwip/CMakeFiles/__idf_lwip.dir/lwip/src/netif/ppp/chap_ms.c.obj
[230/1233] Building C object esp-idf/lwip/CMakeFiles/__idf_lwip.dir/lwip/src/netif/ppp/chap-new.c.obj
[231/1233] Building C object esp-idf/lwip/CMakeFiles/__idf_lwip.dir/lwip/src/netif/ppp/ccp.c.obj
[232/1233] Building C object esp-idf/lwip/CMakeFiles/__idf_lwip.dir/lwip/src/netif/ppp/demand.c.obj
[233/1233] Building C object esp-idf/lwip/CMakeFiles/__idf_lwip.dir/lwip/src/netif/ppp/ecp.c.obj
[234/1233] Building C object esp-idf/lwip/CMakeFiles/__idf_lwip.dir/lwip/src/core/ipv6/ip6.c.obj
[235/1233] Building C object esp-idf/lwip/CMakeFiles/__idf_lwip.dir/lwip/src/netif/ppp/eap.c.obj
[236/1233] Building C object esp-idf/lwip/CMakeFiles/__idf_lwip.dir/lwip/src/netif/ppp/eui64.c.obj
[237/1233] Building C object esp-idf/lwip/CMakeFiles/__idf_lwip.dir/lwip/src/api/sockets.c.obj
[238/1233] Building C object esp-idf/lwip/CMakeFiles/__idf_lwip.dir/lwip/src/netif/ppp/ipcp.c.obj
[239/1233] Building C object esp-idf/lwip/CMakeFiles/__idf_lwip.dir/lwip/src/netif/ppp/ipv6cp.c.obj
[240/1233] Building C object esp-idf/lwip/CMakeFiles/__idf_lwip.dir/lwip/src/netif/ppp/lcp.c.obj
[241/1233] Building C object esp-idf/lwip/CMakeFiles/__idf_lwip.dir/lwip/src/netif/ppp/fsm.c.obj
[242/1233] Building C object esp-idf/lwip/CMakeFiles/__idf_lwip.dir/lwip/src/netif/ppp/magic.c.obj
[243/1233] Building C object esp-idf/lwip/CMakeFiles/__idf_lwip.dir/lwip/src/netif/ppp/mppe.c.obj
[244/1233] Building C object esp-idf/lwip/CMakeFiles/__idf_lwip.dir/lwip/src/netif/ppp/multilink.c.obj
[245/1233] Building C object esp-idf/lwip/CMakeFiles/__idf_lwip.dir/lwip/src/netif/ppp/ppp.c.obj
[246/1233] Building C object esp-idf/lwip/CMakeFiles/__idf_lwip.dir/lwip/src/netif/ppp/pppapi.c.obj
[247/1233] Building C object esp-idf/lwip/CMakeFiles/__idf_lwip.dir/lwip/src/netif/ppp/pppoe.c.obj
[248/1233] Building C object esp-idf/lwip/CMakeFiles/__idf_lwip.dir/lwip/src/netif/ppp/pppol2tp.c.obj
[249/1233] Building C object esp-idf/lwip/CMakeFiles/__idf_lwip.dir/lwip/src/netif/ppp/pppcrypt.c.obj
[250/1233] Building C object esp-idf/lwip/CMakeFiles/__idf_lwip.dir/lwip/src/netif/ppp/utils.c.obj
[251/1233] Building C object esp-idf/lwip/CMakeFiles/__idf_lwip.dir/lwip/src/netif/ppp/vj.c.obj
[252/1233] Building C object esp-idf/lwip/CMakeFiles/__idf_lwip.dir/lwip/src/netif/ppp/pppos.c.obj
[253/1233] Building C object esp-idf/lwip/CMakeFiles/__idf_lwip.dir/lwip/src/netif/ppp/upap.c.obj
[254/1233] Building C object esp-idf/lwip/CMakeFiles/__idf_lwip.dir/port/hooks/tcp_isn_default.c.obj
[255/1233] Building C object esp-idf/lwip/CMakeFiles/__idf_lwip.dir/port/hooks/lwip_default_hooks.c.obj
[256/1233] Building C object esp-idf/lwip/CMakeFiles/__idf_lwip.dir/port/sockets_ext.c.obj
[257/1233] Building C object esp-idf/lwip/CMakeFiles/__idf_lwip.dir/lwip/src/netif/ppp/polarssl/arc4.c.obj
[258/1233] Building C object esp-idf/lwip/CMakeFiles/__idf_lwip.dir/port/acd_dhcp_check.c.obj
[259/1233] Linking C static library esp-idf/esp_netif/libesp_netif.a
[260/1233] Building C object esp-idf/lwip/CMakeFiles/__idf_lwip.dir/lwip/src/netif/ppp/polarssl/des.c.obj
[261/1233] Building C object esp-idf/lwip/CMakeFiles/__idf_lwip.dir/port/esp32xx/vfs_lwip.c.obj
[262/1233] Building C object esp-idf/lwip/CMakeFiles/__idf_lwip.dir/apps/ping/esp_ping.c.obj
[263/1233] Building C object esp-idf/lwip/CMakeFiles/__idf_lwip.dir/apps/ping/ping.c.obj
[264/1233] Building C object esp-idf/lwip/CMakeFiles/__idf_lwip.dir/port/freertos/sys_arch.c.obj
[265/1233] Building C object esp-idf/lwip/CMakeFiles/__idf_lwip.dir/lwip/src/netif/ppp/polarssl/md5.c.obj
[266/1233] Building C object esp-idf/lwip/CMakeFiles/__idf_lwip.dir/lwip/src/netif/ppp/polarssl/md4.c.obj
[267/1233] Building C object esp-idf/lwip/CMakeFiles/__idf_lwip.dir/lwip/src/netif/ppp/polarssl/sha1.c.obj
[268/1233] Building C object esp-idf/lwip/CMakeFiles/__idf_lwip.dir/port/debug/lwip_debug.c.obj
[269/1233] Building C object esp-idf/esp_phy/CMakeFiles/__idf_esp_phy.dir/src/lib_printf.c.obj
[270/1233] Building C object esp-idf/esp_phy/CMakeFiles/__idf_esp_phy.dir/esp32s3/phy_init_data.c.obj
[271/1233] Building C object esp-idf/esp_phy/CMakeFiles/__idf_esp_phy.dir/src/phy_override.c.obj
[272/1233] Building C object esp-idf/esp_phy/CMakeFiles/__idf_esp_phy.dir/src/btbb_init.c.obj
[273/1233] Building C object esp-idf/esp_vfs_console/CMakeFiles/__idf_esp_vfs_console.dir/vfs_console.c.obj
[274/1233] Building C object esp-idf/esp_phy/CMakeFiles/__idf_esp_phy.dir/src/phy_common.c.obj
[275/1233] Building C object esp-idf/lwip/CMakeFiles/__idf_lwip.dir/apps/ping/ping_sock.c.obj
[276/1233] Building C object esp-idf/vfs/CMakeFiles/__idf_vfs.dir/nullfs.c.obj
[277/1233] Building C object esp-idf/lwip/CMakeFiles/__idf_lwip.dir/apps/dhcpserver/dhcpserver.c.obj
[278/1233] Building C object esp-idf/vfs/CMakeFiles/__idf_vfs.dir/vfs_eventfd.c.obj
[279/1233] Building C object esp-idf/esp_phy/CMakeFiles/__idf_esp_phy.dir/src/phy_init.c.obj
[280/1233] Building C object esp-idf/lwip/CMakeFiles/__idf_lwip.dir/lwip/src/core/ipv6/nd6.c.obj
[281/1233] Building C object esp-idf/vfs/CMakeFiles/__idf_vfs.dir/vfs_semihost.c.obj
[282/1233] Building C object esp-idf/driver/CMakeFiles/__idf_driver.dir/deprecated/adc_dma_legacy.c.obj
[283/1233] Building C object esp-idf/driver/CMakeFiles/__idf_driver.dir/deprecated/sigma_delta_legacy.c.obj
[284/1233] Building C object esp-idf/driver/CMakeFiles/__idf_driver.dir/deprecated/rtc_temperature_legacy.c.obj
[285/1233] Building C object esp-idf/driver/CMakeFiles/__idf_driver.dir/deprecated/adc_legacy.c.obj
[286/1233] Building C object esp-idf/driver/CMakeFiles/__idf_driver.dir/touch_sensor/touch_sensor_common.c.obj
[287/1233] Building C object esp-idf/esp_driver_usb_serial_jtag/CMakeFiles/__idf_esp_driver_usb_serial_jtag.dir/src/usb_serial_jtag_connection_monitor.c.obj
[288/1233] Linking C static library esp-idf/lwip/liblwip.a
[289/1233] Building C object esp-idf/esp_driver_usb_serial_jtag/CMakeFiles/__idf_esp_driver_usb_serial_jtag.dir/src/usb_serial_jtag_vfs.c.obj
[290/1233] Building C object esp-idf/esp_driver_usb_serial_jtag/CMakeFiles/__idf_esp_driver_usb_serial_jtag.dir/src/usb_serial_jtag.c.obj
[291/1233] Building C object esp-idf/driver/CMakeFiles/__idf_driver.dir/twai/twai.c.obj
[292/1233] Building C object esp-idf/vfs/CMakeFiles/__idf_vfs.dir/vfs.c.obj
[293/1233] Building C object esp-idf/esp_driver_i2c/CMakeFiles/__idf_esp_driver_i2c.dir/i2c_common.c.obj
[294/1233] Building C object esp-idf/driver/CMakeFiles/__idf_driver.dir/deprecated/pcnt_legacy.c.obj
[295/1233] Building C object esp-idf/driver/CMakeFiles/__idf_driver.dir/deprecated/timer_legacy.c.obj
[296/1233] Building C object esp-idf/driver/CMakeFiles/__idf_driver.dir/touch_sensor/esp32s3/touch_sensor.c.obj
[297/1233] Linking C static library esp-idf/vfs/libvfs.a
[298/1233] Building C object esp-idf/esp_driver_tsens/CMakeFiles/__idf_esp_driver_tsens.dir/src/temperature_sensor.c.obj
[299/1233] Linking C static library esp-idf/esp_vfs_console/libesp_vfs_console.a
[300/1233] Building C object esp-idf/esp_driver_sdspi/CMakeFiles/__idf_esp_driver_sdspi.dir/src/sdspi_crc.c.obj
[301/1233] Linking C static library esp-idf/esp_phy/libesp_phy.a
[302/1233] Building C object esp-idf/esp_driver_sdm/CMakeFiles/__idf_esp_driver_sdm.dir/src/sdm.c.obj
[303/1233] Building C object esp-idf/driver/CMakeFiles/__idf_driver.dir/deprecated/i2s_legacy.c.obj
[304/1233] Building C object esp-idf/esp_driver_i2c/CMakeFiles/__idf_esp_driver_i2c.dir/i2c_slave.c.obj
[305/1233] Building C object esp-idf/driver/CMakeFiles/__idf_driver.dir/i2c/i2c.c.obj
[306/1233] Building C object esp-idf/esp_driver_rmt/CMakeFiles/__idf_esp_driver_rmt.dir/src/rmt_encoder.c.obj
[307/1233] Building C object esp-idf/esp_driver_rmt/CMakeFiles/__idf_esp_driver_rmt.dir/src/rmt_common.c.obj
[308/1233] Building C object esp-idf/esp_driver_sdspi/CMakeFiles/__idf_esp_driver_sdspi.dir/src/sdspi_transaction.c.obj
[309/1233] Building C object esp-idf/esp_driver_sdspi/CMakeFiles/__idf_esp_driver_sdspi.dir/src/sdspi_host.c.obj
[310/1233] Building C object esp-idf/sdmmc/CMakeFiles/__idf_sdmmc.dir/sdmmc_init.c.obj
[311/1233] Building C object esp-idf/sdmmc/CMakeFiles/__idf_sdmmc.dir/sd_pwr_ctrl/sd_pwr_ctrl.c.obj
[312/1233] Building C object esp-idf/esp_driver_sdmmc/CMakeFiles/__idf_esp_driver_sdmmc.dir/src/sdmmc_transaction.c.obj
[313/1233] Building C object esp-idf/sdmmc/CMakeFiles/__idf_sdmmc.dir/sdmmc_common.c.obj
[314/1233] Building C object esp-idf/driver/CMakeFiles/__idf_driver.dir/deprecated/mcpwm_legacy.c.obj
[315/1233] Building C object esp-idf/sdmmc/CMakeFiles/__idf_sdmmc.dir/sdmmc_mmc.c.obj
[316/1233] Building C object esp-idf/esp_driver_rmt/CMakeFiles/__idf_esp_driver_rmt.dir/src/rmt_rx.c.obj
[317/1233] Building C object esp-idf/sdmmc/CMakeFiles/__idf_sdmmc.dir/sdmmc_io.c.obj
[318/1233] Building C object esp-idf/esp_driver_i2c/CMakeFiles/__idf_esp_driver_i2c.dir/i2c_master.c.obj
[319/1233] Building C object esp-idf/esp_driver_ledc/CMakeFiles/__idf_esp_driver_ledc.dir/src/ledc.c.obj
[320/1233] Building C object esp-idf/driver/CMakeFiles/__idf_driver.dir/deprecated/rmt_legacy.c.obj
[321/1233] Building C object esp-idf/sdmmc/CMakeFiles/__idf_sdmmc.dir/sdmmc_sd.c.obj
[322/1233] Building C object esp-idf/sdmmc/CMakeFiles/__idf_sdmmc.dir/sdmmc_cmd.c.obj
[323/1233] Linking C static library esp-idf/driver/libdriver.a
[324/1233] Building C object esp-idf/esp_driver_i2s/CMakeFiles/__idf_esp_driver_i2s.dir/i2s_platform.c.obj
[325/1233] Building C object esp-idf/esp_driver_mcpwm/CMakeFiles/__idf_esp_driver_mcpwm.dir/src/mcpwm_cmpr.c.obj
[326/1233] Building C object esp-idf/esp_driver_i2s/CMakeFiles/__idf_esp_driver_i2s.dir/i2s_std.c.obj
[327/1233] Linking C static library esp-idf/esp_driver_usb_serial_jtag/libesp_driver_usb_serial_jtag.a
[328/1233] Building C object esp-idf/esp_driver_rmt/CMakeFiles/__idf_esp_driver_rmt.dir/src/rmt_tx.c.obj
[329/1233] Linking C static library esp-idf/esp_driver_ledc/libesp_driver_ledc.a
[330/1233] Building C object esp-idf/esp_driver_mcpwm/CMakeFiles/__idf_esp_driver_mcpwm.dir/src/mcpwm_com.c.obj
[331/1233] Linking C static library esp-idf/esp_driver_i2c/libesp_driver_i2c.a
[332/1233] Linking C static library esp-idf/esp_driver_sdm/libesp_driver_sdm.a
[333/1233] Linking C static library esp-idf/esp_driver_tsens/libesp_driver_tsens.a
[334/1233] Building C object esp-idf/esp_driver_spi/CMakeFiles/__idf_esp_driver_spi.dir/src/gpspi/spi_dma.c.obj
[335/1233] Building C object esp-idf/esp_driver_mcpwm/CMakeFiles/__idf_esp_driver_mcpwm.dir/src/mcpwm_sync.c.obj
[336/1233] Building C object esp-idf/esp_driver_i2s/CMakeFiles/__idf_esp_driver_i2s.dir/i2s_tdm.c.obj
[337/1233] Building C object esp-idf/esp_driver_mcpwm/CMakeFiles/__idf_esp_driver_mcpwm.dir/src/mcpwm_cap.c.obj
[338/1233] Linking C static library esp-idf/esp_driver_rmt/libesp_driver_rmt.a
[339/1233] Building C object esp-idf/esp_driver_mcpwm/CMakeFiles/__idf_esp_driver_mcpwm.dir/src/mcpwm_fault.c.obj
[340/1233] Building C object esp-idf/esp_driver_i2s/CMakeFiles/__idf_esp_driver_i2s.dir/i2s_common.c.obj
[341/1233] Linking C static library esp-idf/esp_driver_sdspi/libesp_driver_sdspi.a
[342/1233] Building C object esp-idf/esp_driver_sdmmc/CMakeFiles/__idf_esp_driver_sdmmc.dir/src/sdmmc_host.c.obj
[343/1233] Building C object esp-idf/esp_driver_i2s/CMakeFiles/__idf_esp_driver_i2s.dir/i2s_pdm.c.obj
[344/1233] Building C object esp-idf/esp_driver_mcpwm/CMakeFiles/__idf_esp_driver_mcpwm.dir/src/mcpwm_oper.c.obj
[345/1233] Linking C static library esp-idf/esp_driver_sdmmc/libesp_driver_sdmmc.a
[346/1233] Linking C static library esp-idf/sdmmc/libsdmmc.a
[347/1233] Building C object esp-idf/esp_driver_mcpwm/CMakeFiles/__idf_esp_driver_mcpwm.dir/src/mcpwm_timer.c.obj
[348/1233] Linking C static library esp-idf/esp_driver_i2s/libesp_driver_i2s.a
[349/1233] Building C object esp-idf/esp_driver_mcpwm/CMakeFiles/__idf_esp_driver_mcpwm.dir/src/mcpwm_gen.c.obj
[350/1233] Building C object esp-idf/esp_driver_spi/CMakeFiles/__idf_esp_driver_spi.dir/src/gpspi/spi_slave.c.obj
[351/1233] Linking C static library esp-idf/esp_driver_mcpwm/libesp_driver_mcpwm.a
[352/1233] Building C object esp-idf/esp_driver_spi/CMakeFiles/__idf_esp_driver_spi.dir/src/gpspi/spi_slave_hd.c.obj
[353/1233] Building C object esp-idf/esp_driver_spi/CMakeFiles/__idf_esp_driver_spi.dir/src/gpspi/spi_common.c.obj
[354/1233] Building CXX object esp-idf/nvs_flash/CMakeFiles/__idf_nvs_flash.dir/src/nvs_platform.cpp.obj
[355/1233] Building C object esp-idf/esp_event/CMakeFiles/__idf_esp_event.dir/default_event_loop.c.obj
[356/1233] Building C object esp-idf/esp_driver_spi/CMakeFiles/__idf_esp_driver_spi.dir/src/gpspi/spi_master.c.obj
[357/1233] Building C object esp-idf/nvs_flash/CMakeFiles/__idf_nvs_flash.dir/src/nvs_bootloader.c.obj
[358/1233] Linking C static library esp-idf/esp_driver_spi/libesp_driver_spi.a
[359/1233] Building C object esp-idf/esp_event/CMakeFiles/__idf_esp_event.dir/esp_event_private.c.obj
[360/1233] Building CXX object esp-idf/nvs_flash/CMakeFiles/__idf_nvs_flash.dir/src/nvs_partition.cpp.obj
[361/1233] Building CXX object esp-idf/nvs_flash/CMakeFiles/__idf_nvs_flash.dir/src/nvs_partition_lookup.cpp.obj
[362/1233] Building C object esp-idf/esp_event/CMakeFiles/__idf_esp_event.dir/esp_event.c.obj
[363/1233] Building C object esp-idf/esp_driver_pcnt/CMakeFiles/__idf_esp_driver_pcnt.dir/src/pulse_cnt.c.obj
[364/1233] Linking C static library esp-idf/esp_driver_pcnt/libesp_driver_pcnt.a
[365/1233] Building C object esp-idf/esp_driver_uart/CMakeFiles/__idf_esp_driver_uart.dir/src/uhci.c.obj
[366/1233] Building C object esp-idf/esp_driver_uart/CMakeFiles/__idf_esp_driver_uart.dir/src/uart_vfs.c.obj
[367/1233] Building C object esp-idf/esp_driver_gptimer/CMakeFiles/__idf_esp_driver_gptimer.dir/src/gptimer.c.obj
[368/1233] Building C object esp-idf/esp_timer/CMakeFiles/__idf_esp_timer.dir/src/esp_timer_init.c.obj
[369/1233] Building C object esp-idf/esp_timer/CMakeFiles/__idf_esp_timer.dir/src/system_time.c.obj
[370/1233] Building C object esp-idf/esp_driver_gptimer/CMakeFiles/__idf_esp_driver_gptimer.dir/src/gptimer_common.c.obj
[371/1233] Building C object esp-idf/esp_ringbuf/CMakeFiles/__idf_esp_ringbuf.dir/ringbuf.c.obj
[372/1233] Building C object esp-idf/esp_timer/CMakeFiles/__idf_esp_timer.dir/src/ets_timer_legacy.c.obj
[373/1233] Building C object esp-idf/esp_timer/CMakeFiles/__idf_esp_timer.dir/src/esp_timer_impl_common.c.obj
[374/1233] Building C object esp-idf/esp_timer/CMakeFiles/__idf_esp_timer.dir/src/esp_timer.c.obj
[375/1233] Building CXX object esp-idf/cxx/CMakeFiles/__idf_cxx.dir/cxx_exception_stubs.cpp.obj
[376/1233] Building CXX object esp-idf/cxx/CMakeFiles/__idf_cxx.dir/cxx_init.cpp.obj
[377/1233] Building C object esp-idf/esp_timer/CMakeFiles/__idf_esp_timer.dir/src/esp_timer_impl_systimer.c.obj
[378/1233] Building C object esp-idf/pthread/CMakeFiles/__idf_pthread.dir/pthread_cond_var.c.obj
[379/1233] Building C object esp-idf/pthread/CMakeFiles/__idf_pthread.dir/pthread_rwlock.c.obj
[380/1233] Building C object esp-idf/newlib/CMakeFiles/__idf_newlib.dir/abort.c.obj
[381/1233] Building C object esp-idf/pthread/CMakeFiles/__idf_pthread.dir/pthread_local_storage.c.obj
[382/1233] Building C object esp-idf/pthread/CMakeFiles/__idf_pthread.dir/pthread_semaphore.c.obj
[383/1233] Building C object esp-idf/esp_driver_uart/CMakeFiles/__idf_esp_driver_uart.dir/src/uart.c.obj
[384/1233] Building C object esp-idf/newlib/CMakeFiles/__idf_newlib.dir/assert.c.obj
[385/1233] Building C object esp-idf/newlib/CMakeFiles/__idf_newlib.dir/heap.c.obj
[386/1233] Building C object esp-idf/newlib/CMakeFiles/__idf_newlib.dir/flockfile.c.obj
[387/1233] Building C object esp-idf/pthread/CMakeFiles/__idf_pthread.dir/pthread.c.obj
[388/1233] Building C object esp-idf/newlib/CMakeFiles/__idf_newlib.dir/pthread.c.obj
[389/1233] Building C object esp-idf/newlib/CMakeFiles/__idf_newlib.dir/getentropy.c.obj
[390/1233] Building C object esp-idf/newlib/CMakeFiles/__idf_newlib.dir/poll.c.obj
[391/1233] Building C object esp-idf/newlib/CMakeFiles/__idf_newlib.dir/random.c.obj
[392/1233] Building C object esp-idf/newlib/CMakeFiles/__idf_newlib.dir/reent_init.c.obj
[393/1233] Building C object esp-idf/newlib/CMakeFiles/__idf_newlib.dir/locks.c.obj
[394/1233] Building C object esp-idf/newlib/CMakeFiles/__idf_newlib.dir/termios.c.obj
[395/1233] Building C object esp-idf/newlib/CMakeFiles/__idf_newlib.dir/newlib_init.c.obj
[396/1233] Building C object esp-idf/newlib/CMakeFiles/__idf_newlib.dir/syscalls.c.obj
[397/1233] Building C object esp-idf/newlib/CMakeFiles/__idf_newlib.dir/scandir.c.obj
[398/1233] Building C object esp-idf/newlib/CMakeFiles/__idf_newlib.dir/realpath.c.obj
[399/1233] Building C object esp-idf/newlib/CMakeFiles/__idf_newlib.dir/sysconf.c.obj
[400/1233] Building C object esp-idf/newlib/CMakeFiles/__idf_newlib.dir/port/esp_time_impl.c.obj
[401/1233] Building CXX object esp-idf/cxx/CMakeFiles/__idf_cxx.dir/cxx_guards.cpp.obj
[402/1233] Building C object esp-idf/newlib/CMakeFiles/__idf_newlib.dir/time.c.obj
[403/1233] Building C object esp-idf/freertos/CMakeFiles/__idf_freertos.dir/heap_idf.c.obj
[404/1233] Building C object esp-idf/newlib/CMakeFiles/__idf_newlib.dir/port/xtensa/stdatomic_s32c1i.c.obj
[405/1233] Building C object esp-idf/freertos/CMakeFiles/__idf_freertos.dir/port_common.c.obj
[406/1233] Building C object esp-idf/freertos/CMakeFiles/__idf_freertos.dir/app_startup.c.obj
[407/1233] Building C object esp-idf/freertos/CMakeFiles/__idf_freertos.dir/port_systick.c.obj
[408/1233] Building C object esp-idf/freertos/CMakeFiles/__idf_freertos.dir/FreeRTOS-Kernel/list.c.obj
[409/1233] Building C object esp-idf/freertos/CMakeFiles/__idf_freertos.dir/FreeRTOS-Kernel/event_groups.c.obj
[410/1233] Building ASM object esp-idf/freertos/CMakeFiles/__idf_freertos.dir/FreeRTOS-Kernel/portable/xtensa/portasm.S.obj
[411/1233] Building C object esp-idf/newlib/CMakeFiles/__idf_newlib.dir/stdatomic.c.obj
[412/1233] Building C object esp-idf/freertos/CMakeFiles/__idf_freertos.dir/FreeRTOS-Kernel/queue.c.obj
[413/1233] Building C object esp-idf/freertos/CMakeFiles/__idf_freertos.dir/FreeRTOS-Kernel/portable/xtensa/xtensa_init.c.obj
[414/1233] Building C object esp-idf/freertos/CMakeFiles/__idf_freertos.dir/FreeRTOS-Kernel/timers.c.obj
[415/1233] Building C object esp-idf/freertos/CMakeFiles/__idf_freertos.dir/FreeRTOS-Kernel/stream_buffer.c.obj
[416/1233] Building C object esp-idf/freertos/CMakeFiles/__idf_freertos.dir/FreeRTOS-Kernel/portable/xtensa/port.c.obj
[417/1233] Building C object esp-idf/freertos/CMakeFiles/__idf_freertos.dir/FreeRTOS-Kernel/portable/xtensa/xtensa_overlay_os_hook.c.obj
[418/1233] Building C object esp-idf/esp_hw_support/CMakeFiles/__idf_esp_hw_support.dir/port/esp32s3/esp_cpu_intr.c.obj
[419/1233] Building C object esp-idf/freertos/CMakeFiles/__idf_freertos.dir/esp_additions/idf_additions_event_groups.c.obj
[420/1233] Building C object esp-idf/esp_hw_support/CMakeFiles/__idf_esp_hw_support.dir/cpu.c.obj
[421/1233] Building C object esp-idf/esp_hw_support/CMakeFiles/__idf_esp_hw_support.dir/port/esp32s3/cpu_region_protect.c.obj
[422/1233] Building CXX object esp-idf/nvs_flash/CMakeFiles/__idf_nvs_flash.dir/src/nvs_handle_locked.cpp.obj
[423/1233] Building CXX object esp-idf/nvs_flash/CMakeFiles/__idf_nvs_flash.dir/src/nvs_item_hash_list.cpp.obj
[424/1233] Building C object esp-idf/freertos/CMakeFiles/__idf_freertos.dir/esp_additions/freertos_compatibility.c.obj
[425/1233] Building C object esp-idf/freertos/CMakeFiles/__idf_freertos.dir/esp_additions/idf_additions.c.obj
[426/1233] Building C object esp-idf/esp_hw_support/CMakeFiles/__idf_esp_hw_support.dir/esp_memory_utils.c.obj
[427/1233] Building CXX object esp-idf/nvs_flash/CMakeFiles/__idf_nvs_flash.dir/src/nvs_handle_simple.cpp.obj
[428/1233] Building C object esp-idf/esp_hw_support/CMakeFiles/__idf_esp_hw_support.dir/hw_random.c.obj
[429/1233] Building CXX object esp-idf/nvs_flash/CMakeFiles/__idf_nvs_flash.dir/src/nvs_pagemanager.cpp.obj
[430/1233] Building C object esp-idf/esp_hw_support/CMakeFiles/__idf_esp_hw_support.dir/clk_ctrl_os.c.obj
[431/1233] Building C object esp-idf/esp_hw_support/CMakeFiles/__idf_esp_hw_support.dir/revision.c.obj
[432/1233] Building CXX object esp-idf/nvs_flash/CMakeFiles/__idf_nvs_flash.dir/src/nvs_cxx_api.cpp.obj
[433/1233] Building C object esp-idf/esp_hw_support/CMakeFiles/__idf_esp_hw_support.dir/sleep_modem.c.obj
[434/1233] Building C object esp-idf/esp_hw_support/CMakeFiles/__idf_esp_hw_support.dir/esp_clk.c.obj
[435/1233] Building C object esp-idf/esp_hw_support/CMakeFiles/__idf_esp_hw_support.dir/sleep_usb.c.obj
[436/1233] Building C object esp-idf/esp_hw_support/CMakeFiles/__idf_esp_hw_support.dir/sleep_mspi.c.obj
[437/1233] Building C object esp-idf/esp_hw_support/CMakeFiles/__idf_esp_hw_support.dir/sleep_console.c.obj
[438/1233] Building C object esp-idf/esp_hw_support/CMakeFiles/__idf_esp_hw_support.dir/rtc_module.c.obj
[439/1233] Building C object esp-idf/esp_hw_support/CMakeFiles/__idf_esp_hw_support.dir/esp_gpio_reserve.c.obj
[440/1233] Building C object esp-idf/esp_hw_support/CMakeFiles/__idf_esp_hw_support.dir/mac_addr.c.obj
[441/1233] Building CXX object esp-idf/nvs_flash/CMakeFiles/__idf_nvs_flash.dir/src/nvs_partition_manager.cpp.obj
[442/1233] Building C object esp-idf/esp_hw_support/CMakeFiles/__idf_esp_hw_support.dir/intr_alloc.c.obj
[443/1233] Building C object esp-idf/esp_hw_support/CMakeFiles/__idf_esp_hw_support.dir/sleep_event.c.obj
[444/1233] Building C object esp-idf/esp_hw_support/CMakeFiles/__idf_esp_hw_support.dir/regi2c_ctrl.c.obj
[445/1233] Building C object esp-idf/esp_hw_support/CMakeFiles/__idf_esp_hw_support.dir/periph_ctrl.c.obj
[446/1233] Building C object esp-idf/esp_hw_support/CMakeFiles/__idf_esp_hw_support.dir/port/esp32s3/esp_clk_tree.c.obj
[447/1233] Building C object esp-idf/freertos/CMakeFiles/__idf_freertos.dir/FreeRTOS-Kernel/tasks.c.obj
[448/1233] Building C object esp-idf/esp_hw_support/CMakeFiles/__idf_esp_hw_support.dir/sleep_gpio.c.obj
[449/1233] Building C object esp-idf/esp_hw_support/CMakeFiles/__idf_esp_hw_support.dir/port/esp_clk_tree_common.c.obj
[450/1233] Building C object esp-idf/esp_hw_support/CMakeFiles/__idf_esp_hw_support.dir/sar_periph_ctrl_common.c.obj
[451/1233] Building CXX object esp-idf/nvs_flash/CMakeFiles/__idf_nvs_flash.dir/src/nvs_page.cpp.obj
[452/1233] Building C object esp-idf/esp_hw_support/CMakeFiles/__idf_esp_hw_support.dir/port/esp32s3/io_mux.c.obj
[453/1233] Building C object esp-idf/esp_hw_support/CMakeFiles/__idf_esp_hw_support.dir/port/esp32s3/systimer.c.obj
[454/1233] Building C object esp-idf/esp_hw_support/CMakeFiles/__idf_esp_hw_support.dir/clk_utils.c.obj
[455/1233] Building C object esp-idf/esp_hw_support/CMakeFiles/__idf_esp_hw_support.dir/dma/esp_async_memcpy.c.obj
[456/1233] Building CXX object esp-idf/nvs_flash/CMakeFiles/__idf_nvs_flash.dir/src/nvs_encrypted_partition.cpp.obj
[457/1233] Building C object esp-idf/esp_hw_support/CMakeFiles/__idf_esp_hw_support.dir/dma/gdma_link.c.obj
[458/1233] Building C object esp-idf/esp_hw_support/CMakeFiles/__idf_esp_hw_support.dir/dma/esp_dma_utils.c.obj
[459/1233] Building CXX object esp-idf/nvs_flash/CMakeFiles/__idf_nvs_flash.dir/src/nvs_api.cpp.obj
[460/1233] Building C object esp-idf/esp_hw_support/CMakeFiles/__idf_esp_hw_support.dir/spi_share_hw_ctrl.c.obj
[461/1233] Building CXX object esp-idf/nvs_flash/CMakeFiles/__idf_nvs_flash.dir/src/nvs_types.cpp.obj
[462/1233] Building CXX object esp-idf/nvs_flash/CMakeFiles/__idf_nvs_flash.dir/src/nvs_storage.cpp.obj
[463/1233] Building C object esp-idf/esp_hw_support/CMakeFiles/__idf_esp_hw_support.dir/deprecated/gdma_legacy.c.obj
[464/1233] Building C object esp-idf/esp_hw_support/CMakeFiles/__idf_esp_hw_support.dir/adc_share_hw_ctrl.c.obj
[465/1233] Building C object esp-idf/esp_hw_support/CMakeFiles/__idf_esp_hw_support.dir/mspi_timing_tuning.c.obj
[466/1233] Linking C static library esp-idf/nvs_flash/libnvs_flash.a
[467/1233] Building C object esp-idf/esp_hw_support/CMakeFiles/__idf_esp_hw_support.dir/port/esp32s3/chip_info.c.obj
[468/1233] Building C object esp-idf/esp_hw_support/CMakeFiles/__idf_esp_hw_support.dir/spi_bus_lock.c.obj
[469/1233] Building C object esp-idf/esp_hw_support/CMakeFiles/__idf_esp_hw_support.dir/port/esp32s3/rtc_clk_init.c.obj
[470/1233] Building C object esp-idf/esp_hw_support/CMakeFiles/__idf_esp_hw_support.dir/sleep_wake_stub.c.obj
[471/1233] Linking C static library esp-idf/esp_event/libesp_event.a
[472/1233] Building C object esp-idf/esp_hw_support/CMakeFiles/__idf_esp_hw_support.dir/dma/async_memcpy_gdma.c.obj
[473/1233] Building C object esp-idf/esp_hw_support/CMakeFiles/__idf_esp_hw_support.dir/port/esp_memprot_conv.c.obj
[474/1233] Building C object esp-idf/esp_hw_support/CMakeFiles/__idf_esp_hw_support.dir/port/esp32s3/mspi_timing_config.c.obj
[475/1233] Building C object esp-idf/esp_hw_support/CMakeFiles/__idf_esp_hw_support.dir/esp_clock_output.c.obj
[476/1233] Linking C static library esp-idf/esp_driver_uart/libesp_driver_uart.a
[477/1233] Building C object esp-idf/esp_hw_support/CMakeFiles/__idf_esp_hw_support.dir/port/esp32s3/rtc_sleep.c.obj
[478/1233] Building C object esp-idf/esp_security/CMakeFiles/__idf_esp_security.dir/src/init.c.obj
[479/1233] Building C object esp-idf/esp_hw_support/CMakeFiles/__idf_esp_hw_support.dir/port/esp32s3/rtc_time.c.obj
[480/1233] Building C object esp-idf/esp_security/CMakeFiles/__idf_esp_security.dir/src/esp_crypto_lock.c.obj
[481/1233] Linking C static library esp-idf/esp_ringbuf/libesp_ringbuf.a
[482/1233] Building C object esp-idf/soc/CMakeFiles/__idf_soc.dir/lldesc.c.obj
[483/1233] Building C object esp-idf/soc/CMakeFiles/__idf_soc.dir/esp32s3/interrupts.c.obj
[484/1233] Building C object esp-idf/soc/CMakeFiles/__idf_soc.dir/dport_access_common.c.obj
[485/1233] Building C object esp-idf/esp_hw_support/CMakeFiles/__idf_esp_hw_support.dir/mspi_timing_by_mspi_delay.c.obj
[486/1233] Building C object esp-idf/esp_hw_support/CMakeFiles/__idf_esp_hw_support.dir/port/esp32s3/sar_periph_ctrl.c.obj
[487/1233] Building C object esp-idf/soc/CMakeFiles/__idf_soc.dir/esp32s3/gdma_periph.c.obj
[488/1233] Linking C static library esp-idf/esp_driver_gptimer/libesp_driver_gptimer.a
[489/1233] Building C object esp-idf/soc/CMakeFiles/__idf_soc.dir/esp32s3/adc_periph.c.obj
[490/1233] Building C object esp-idf/soc/CMakeFiles/__idf_soc.dir/esp32s3/gpio_periph.c.obj
[491/1233] Building C object esp-idf/esp_hw_support/CMakeFiles/__idf_esp_hw_support.dir/port/esp32s3/rtc_clk.c.obj
[492/1233] Building C object esp-idf/soc/CMakeFiles/__idf_soc.dir/esp32s3/uart_periph.c.obj
[493/1233] Building C object esp-idf/esp_hw_support/CMakeFiles/__idf_esp_hw_support.dir/port/esp32s3/rtc_init.c.obj
[494/1233] Building C object esp-idf/soc/CMakeFiles/__idf_soc.dir/esp32s3/dedic_gpio_periph.c.obj
[495/1233] Building C object esp-idf/soc/CMakeFiles/__idf_soc.dir/esp32s3/ledc_periph.c.obj
[496/1233] Building C object esp-idf/soc/CMakeFiles/__idf_soc.dir/esp32s3/sdm_periph.c.obj
[497/1233] Linking C static library esp-idf/esp_timer/libesp_timer.a
[498/1233] Building C object esp-idf/soc/CMakeFiles/__idf_soc.dir/esp32s3/pcnt_periph.c.obj
[499/1233] Building C object esp-idf/soc/CMakeFiles/__idf_soc.dir/esp32s3/lcd_periph.c.obj
[500/1233] Building C object esp-idf/esp_hw_support/CMakeFiles/__idf_esp_hw_support.dir/lowpower/port/esp32s3/sleep_cpu.c.obj
[501/1233] Linking C static library esp-idf/cxx/libcxx.a
[502/1233] Building C object esp-idf/soc/CMakeFiles/__idf_soc.dir/esp32s3/spi_periph.c.obj
[503/1233] Building C object esp-idf/soc/CMakeFiles/__idf_soc.dir/esp32s3/rmt_periph.c.obj
[504/1233] Building C object esp-idf/soc/CMakeFiles/__idf_soc.dir/esp32s3/touch_sensor_periph.c.obj
[505/1233] Building C object esp-idf/soc/CMakeFiles/__idf_soc.dir/esp32s3/temperature_sensor_periph.c.obj
[506/1233] Building C object esp-idf/soc/CMakeFiles/__idf_soc.dir/esp32s3/i2s_periph.c.obj
[507/1233] Building C object esp-idf/soc/CMakeFiles/__idf_soc.dir/esp32s3/timer_periph.c.obj
[508/1233] Building C object esp-idf/soc/CMakeFiles/__idf_soc.dir/esp32s3/i2c_periph.c.obj
[509/1233] Building C object esp-idf/soc/CMakeFiles/__idf_soc.dir/esp32s3/mcpwm_periph.c.obj
[510/1233] Building C object esp-idf/soc/CMakeFiles/__idf_soc.dir/esp32s3/mpi_periph.c.obj
[511/1233] Building C object esp-idf/soc/CMakeFiles/__idf_soc.dir/esp32s3/sdmmc_periph.c.obj
[512/1233] Linking C static library esp-idf/pthread/libpthread.a
[513/1233] Building C object esp-idf/esp_security/CMakeFiles/__idf_esp_security.dir/src/esp_hmac.c.obj
[514/1233] Building C object esp-idf/soc/CMakeFiles/__idf_soc.dir/esp32s3/twai_periph.c.obj
[515/1233] Building C object esp-idf/esp_security/CMakeFiles/__idf_esp_security.dir/src/esp_ds.c.obj
[516/1233] Building C object esp-idf/soc/CMakeFiles/__idf_soc.dir/esp32s3/usb_dwc_periph.c.obj
[517/1233] Building C object esp-idf/soc/CMakeFiles/__idf_soc.dir/esp32s3/wdt_periph.c.obj
[518/1233] Building C object esp-idf/soc/CMakeFiles/__idf_soc.dir/esp32s3/cam_periph.c.obj
[519/1233] Building C object esp-idf/esp_hw_support/CMakeFiles/__idf_esp_hw_support.dir/dma/gdma.c.obj
[520/1233] Building C object esp-idf/esp_hw_support/CMakeFiles/__idf_esp_hw_support.dir/sleep_modes.c.obj
[521/1233] Building C object esp-idf/soc/CMakeFiles/__idf_soc.dir/esp32s3/rtc_io_periph.c.obj
[522/1233] Linking C static library esp-idf/newlib/libnewlib.a
[523/1233] Building C object esp-idf/log/CMakeFiles/__idf_log.dir/src/util.c.obj
[524/1233] Building C object esp-idf/heap/CMakeFiles/__idf_heap.dir/port/esp32s3/memory_layout.c.obj
[525/1233] Building C object esp-idf/log/CMakeFiles/__idf_log.dir/src/log_level/log_level.c.obj
[526/1233] Building C object esp-idf/log/CMakeFiles/__idf_log.dir/src/os/log_write.c.obj
[527/1233] Building C object esp-idf/heap/CMakeFiles/__idf_heap.dir/port/memory_layout_utils.c.obj
[528/1233] Linking C static library esp-idf/freertos/libfreertos.a
[529/1233] Building C object esp-idf/log/CMakeFiles/__idf_log.dir/src/os/log_lock.c.obj
[530/1233] Building C object esp-idf/log/CMakeFiles/__idf_log.dir/src/log_level/tag_log_level/tag_log_level.c.obj
[531/1233] Building C object esp-idf/log/CMakeFiles/__idf_log.dir/src/buffer/log_buffers.c.obj
[532/1233] Building C object esp-idf/heap/CMakeFiles/__idf_heap.dir/heap_caps_base.c.obj
[533/1233] Building C object esp-idf/hal/CMakeFiles/__idf_hal.dir/hal_utils.c.obj
[534/1233] Building C object esp-idf/log/CMakeFiles/__idf_log.dir/src/log_level/tag_log_level/cache/log_binary_heap.c.obj
[535/1233] Building C object esp-idf/hal/CMakeFiles/__idf_hal.dir/mpu_hal.c.obj
[536/1233] Building C object esp-idf/log/CMakeFiles/__idf_log.dir/src/log_level/tag_log_level/linked_list/log_linked_list.c.obj
[537/1233] Building C object esp-idf/heap/CMakeFiles/__idf_heap.dir/heap_caps_init.c.obj
[538/1233] Building C object esp-idf/hal/CMakeFiles/__idf_hal.dir/color_hal.c.obj
[539/1233] Building C object esp-idf/hal/CMakeFiles/__idf_hal.dir/efuse_hal.c.obj
[540/1233] Building C object esp-idf/heap/CMakeFiles/__idf_heap.dir/multi_heap.c.obj
[541/1233] Building C object esp-idf/log/CMakeFiles/__idf_log.dir/src/os/log_timestamp.c.obj
[542/1233] Building C object esp-idf/hal/CMakeFiles/__idf_hal.dir/esp32s3/efuse_hal.c.obj
[543/1233] Building C object esp-idf/log/CMakeFiles/__idf_log.dir/src/log_timestamp_common.c.obj
[544/1233] Building C object esp-idf/hal/CMakeFiles/__idf_hal.dir/spi_flash_encrypt_hal_iram.c.obj
[545/1233] Building C object esp-idf/heap/CMakeFiles/__idf_heap.dir/heap_caps.c.obj
[546/1233] Building C object esp-idf/hal/CMakeFiles/__idf_hal.dir/timer_hal.c.obj
[547/1233] Building C object esp-idf/hal/CMakeFiles/__idf_hal.dir/uart_hal_iram.c.obj
[548/1233] Building C object esp-idf/hal/CMakeFiles/__idf_hal.dir/esp32s3/clk_tree_hal.c.obj
[549/1233] Building C object esp-idf/hal/CMakeFiles/__idf_hal.dir/cache_hal.c.obj
[550/1233] Building C object esp-idf/hal/CMakeFiles/__idf_hal.dir/gpio_hal.c.obj
[551/1233] Building C object esp-idf/hal/CMakeFiles/__idf_hal.dir/systimer_hal.c.obj
[552/1233] Building C object esp-idf/hal/CMakeFiles/__idf_hal.dir/mmu_hal.c.obj
[553/1233] Building C object esp-idf/hal/CMakeFiles/__idf_hal.dir/ledc_hal.c.obj
[554/1233] Building C object esp-idf/hal/CMakeFiles/__idf_hal.dir/spi_flash_hal.c.obj
[555/1233] Building C object esp-idf/hal/CMakeFiles/__idf_hal.dir/rtc_io_hal.c.obj
[556/1233] Building C object esp-idf/hal/CMakeFiles/__idf_hal.dir/pcnt_hal.c.obj
[557/1233] Building C object esp-idf/hal/CMakeFiles/__idf_hal.dir/ledc_hal_iram.c.obj
[558/1233] Building C object esp-idf/hal/CMakeFiles/__idf_hal.dir/uart_hal.c.obj
[559/1233] Building C object esp-idf/hal/CMakeFiles/__idf_hal.dir/rmt_hal.c.obj
[560/1233] Building C object esp-idf/hal/CMakeFiles/__idf_hal.dir/uhci_hal.c.obj
[561/1233] Building C object esp-idf/hal/CMakeFiles/__idf_hal.dir/twai_hal_iram.c.obj
[562/1233] Building C object esp-idf/hal/CMakeFiles/__idf_hal.dir/i2c_hal_iram.c.obj
[563/1233] Building C object esp-idf/hal/CMakeFiles/__idf_hal.dir/sdm_hal.c.obj
[564/1233] Building C object esp-idf/hal/CMakeFiles/__idf_hal.dir/i2c_hal.c.obj
[565/1233] Building C object esp-idf/hal/CMakeFiles/__idf_hal.dir/twai_hal.c.obj
[566/1233] Building C object esp-idf/hal/CMakeFiles/__idf_hal.dir/gdma_hal_top.c.obj
[567/1233] Building C object esp-idf/hal/CMakeFiles/__idf_hal.dir/spi_flash_hal_iram.c.obj
[568/1233] Building C object esp-idf/hal/CMakeFiles/__idf_hal.dir/mcpwm_hal.c.obj
[569/1233] Building C object esp-idf/hal/CMakeFiles/__idf_hal.dir/sdmmc_hal.c.obj
[570/1233] Building C object esp-idf/hal/CMakeFiles/__idf_hal.dir/lcd_hal.c.obj
[571/1233] Building C object esp-idf/hal/CMakeFiles/__idf_hal.dir/mpi_hal.c.obj
[572/1233] Building C object esp-idf/hal/CMakeFiles/__idf_hal.dir/adc_oneshot_hal.c.obj
[573/1233] Building C object esp-idf/hal/CMakeFiles/__idf_hal.dir/sha_hal.c.obj
[574/1233] Building C object esp-idf/hal/CMakeFiles/__idf_hal.dir/gdma_hal_ahb_v1.c.obj
[575/1233] Building C object esp-idf/hal/CMakeFiles/__idf_hal.dir/spi_slave_hal.c.obj
[576/1233] Building C object esp-idf/esp_hw_support/CMakeFiles/__idf_esp_hw_support.dir/port/esp32s3/esp_memprot.c.obj
[577/1233] Building C object esp-idf/hal/CMakeFiles/__idf_hal.dir/adc_hal_common.c.obj
[578/1233] Building C object esp-idf/hal/CMakeFiles/__idf_hal.dir/brownout_hal.c.obj
[579/1233] Building C object esp-idf/hal/CMakeFiles/__idf_hal.dir/hmac_hal.c.obj
[580/1233] Building C object esp-idf/hal/CMakeFiles/__idf_hal.dir/aes_hal.c.obj
[581/1233] Building C object esp-idf/hal/CMakeFiles/__idf_hal.dir/spi_slave_hal_iram.c.obj
[582/1233] Building C object esp-idf/hal/CMakeFiles/__idf_hal.dir/ds_hal.c.obj
[583/1233] Building C object esp-idf/hal/CMakeFiles/__idf_hal.dir/spi_hal.c.obj
[584/1233] Building C object esp-idf/hal/CMakeFiles/__idf_hal.dir/adc_hal.c.obj
[585/1233] Building C object esp-idf/hal/CMakeFiles/__idf_hal.dir/i2s_hal.c.obj
[586/1233] Building C object esp-idf/esp_rom/CMakeFiles/__idf_esp_rom.dir/patches/esp_rom_crc.c.obj
[587/1233] Building C object esp-idf/hal/CMakeFiles/__idf_hal.dir/spi_flash_hal_gpspi.c.obj
[588/1233] Building C object esp-idf/hal/CMakeFiles/__idf_hal.dir/usb_wrap_hal.c.obj
[589/1233] Linking C static library esp-idf/esp_hw_support/libesp_hw_support.a
[590/1233] Building C object esp-idf/hal/CMakeFiles/__idf_hal.dir/usb_serial_jtag_hal.c.obj
[591/1233] Building C object esp-idf/hal/CMakeFiles/__idf_hal.dir/cam_hal.c.obj
[592/1233] Building C object esp-idf/hal/CMakeFiles/__idf_hal.dir/xt_wdt_hal.c.obj
[593/1233] Building ASM object esp-idf/esp_rom/CMakeFiles/__idf_esp_rom.dir/patches/esp_rom_longjmp.S.obj
[594/1233] Building C object esp-idf/esp_rom/CMakeFiles/__idf_esp_rom.dir/patches/esp_rom_efuse.c.obj
[595/1233] Building C object esp-idf/hal/CMakeFiles/__idf_hal.dir/spi_hal_iram.c.obj
[596/1233] Building C object esp-idf/hal/CMakeFiles/__idf_hal.dir/touch_sensor_hal.c.obj
[597/1233] Linking C static library esp-idf/esp_security/libesp_security.a
[598/1233] Building C object esp-idf/esp_rom/CMakeFiles/__idf_esp_rom.dir/patches/esp_rom_sys.c.obj
[599/1233] Building C object esp-idf/hal/CMakeFiles/__idf_hal.dir/spi_slave_hd_hal.c.obj
[600/1233] Building C object esp-idf/esp_rom/CMakeFiles/__idf_esp_rom.dir/patches/esp_rom_uart.c.obj
[601/1233] Building C object esp-idf/esp_rom/CMakeFiles/__idf_esp_rom.dir/patches/esp_rom_gpio.c.obj
[602/1233] Building C object esp-idf/esp_rom/CMakeFiles/__idf_esp_rom.dir/patches/esp_rom_print.c.obj
[603/1233] Building C object esp-idf/esp_rom/CMakeFiles/__idf_esp_rom.dir/patches/esp_rom_systimer.c.obj
[604/1233] Building ASM object esp-idf/esp_rom/CMakeFiles/__idf_esp_rom.dir/patches/esp_rom_cache_writeback_esp32s3.S.obj
[605/1233] Building C object esp-idf/esp_rom/CMakeFiles/__idf_esp_rom.dir/patches/esp_rom_spiflash.c.obj
[606/1233] Building C object esp-idf/esp_rom/CMakeFiles/__idf_esp_rom.dir/patches/esp_rom_wdt.c.obj
[607/1233] Linking C static library esp-idf/soc/libsoc.a
[608/1233] Building C object esp-idf/heap/CMakeFiles/__idf_heap.dir/tlsf/tlsf.c.obj
[609/1233] Building C object esp-idf/hal/CMakeFiles/__idf_hal.dir/esp32s3/touch_sensor_hal.c.obj
[610/1233] Building C object esp-idf/hal/CMakeFiles/__idf_hal.dir/esp32s3/rtc_cntl_hal.c.obj
[611/1233] Building C object esp-idf/esp_system/CMakeFiles/__idf_esp_system.dir/esp_err.c.obj
[612/1233] Building C object esp-idf/esp_rom/CMakeFiles/__idf_esp_rom.dir/patches/esp_rom_cache_esp32s2_esp32s3.c.obj
[613/1233] Building C object esp-idf/hal/CMakeFiles/__idf_hal.dir/usb_dwc_hal.c.obj
[614/1233] Linking C static library esp-idf/heap/libheap.a
[615/1233] Building C object esp-idf/esp_system/CMakeFiles/__idf_esp_system.dir/crosscore_int.c.obj
[616/1233] Building C object esp-idf/esp_system/CMakeFiles/__idf_esp_system.dir/stack_check.c.obj
[617/1233] Linking C static library esp-idf/log/liblog.a
[618/1233] Building C object esp-idf/esp_system/CMakeFiles/__idf_esp_system.dir/esp_system.c.obj
[619/1233] Building C object esp-idf/esp_system/CMakeFiles/__idf_esp_system.dir/esp_system_console.c.obj
[620/1233] Building C object esp-idf/esp_system/CMakeFiles/__idf_esp_system.dir/startup.c.obj
[621/1233] Building C object esp-idf/esp_system/CMakeFiles/__idf_esp_system.dir/freertos_hooks.c.obj
[622/1233] Building C object esp-idf/esp_system/CMakeFiles/__idf_esp_system.dir/system_time.c.obj
[623/1233] Building C object esp-idf/esp_system/CMakeFiles/__idf_esp_system.dir/int_wdt.c.obj
[624/1233] Building ASM object esp-idf/esp_system/CMakeFiles/__idf_esp_system.dir/port/arch/xtensa/esp_ipc_isr_handler.S.obj
[625/1233] Building C object esp-idf/esp_system/CMakeFiles/__idf_esp_system.dir/esp_ipc.c.obj
[626/1233] Building C object esp-idf/esp_system/CMakeFiles/__idf_esp_system.dir/port/arch/xtensa/esp_ipc_isr_port.c.obj
[627/1233] Building ASM object esp-idf/esp_system/CMakeFiles/__idf_esp_system.dir/port/arch/xtensa/esp_ipc_isr_routines.S.obj
[628/1233] Building ASM object esp-idf/esp_system/CMakeFiles/__idf_esp_system.dir/port/arch/xtensa/panic_handler_asm.S.obj
[629/1233] Building C object esp-idf/esp_system/CMakeFiles/__idf_esp_system.dir/xt_wdt.c.obj
[630/1233] Building C object esp-idf/esp_system/CMakeFiles/__idf_esp_system.dir/startup_funcs.c.obj
[631/1233] Building C object esp-idf/esp_system/CMakeFiles/__idf_esp_system.dir/ubsan.c.obj
[632/1233] Building C object esp-idf/esp_system/CMakeFiles/__idf_esp_system.dir/panic.c.obj
[633/1233] Building C object esp-idf/esp_system/CMakeFiles/__idf_esp_system.dir/port/panic_handler.c.obj
[634/1233] Linking C static library esp-idf/hal/libhal.a
[635/1233] Building ASM object esp-idf/esp_system/CMakeFiles/__idf_esp_system.dir/port/arch/xtensa/expression_with_stack_asm.S.obj
[636/1233] Building C object esp-idf/esp_system/CMakeFiles/__idf_esp_system.dir/port/image_process.c.obj
[637/1233] Building ASM object esp-idf/esp_system/CMakeFiles/__idf_esp_system.dir/port/arch/xtensa/debug_helpers_asm.S.obj
[638/1233] Building C object esp-idf/esp_system/CMakeFiles/__idf_esp_system.dir/port/arch/xtensa/debug_stubs.c.obj
[639/1233] Building C object esp-idf/esp_system/CMakeFiles/__idf_esp_system.dir/task_wdt/task_wdt_impl_timergroup.c.obj
[640/1233] Building C object esp-idf/esp_system/CMakeFiles/__idf_esp_system.dir/port/esp_system_chip.c.obj
[641/1233] Linking C static library esp-idf/esp_rom/libesp_rom.a
[642/1233] Building C object esp-idf/esp_system/CMakeFiles/__idf_esp_system.dir/port/esp_ipc_isr.c.obj
[643/1233] Building C object esp-idf/esp_common/CMakeFiles/__idf_esp_common.dir/src/esp_err_to_name.c.obj
[644/1233] Building ASM object esp-idf/esp_system/CMakeFiles/__idf_esp_system.dir/port/soc/esp32s3/highint_hdl.S.obj
[645/1233] Building C object esp-idf/esp_system/CMakeFiles/__idf_esp_system.dir/port/brownout.c.obj
[646/1233] Building C object esp-idf/esp_system/CMakeFiles/__idf_esp_system.dir/port/arch/xtensa/trax.c.obj
[647/1233] Linking C static library esp-idf/esp_common/libesp_common.a
[648/1233] Building C object esp-idf/spi_flash/CMakeFiles/__idf_spi_flash.dir/flash_brownout_hook.c.obj
[649/1233] Building C object esp-idf/esp_system/CMakeFiles/__idf_esp_system.dir/port/arch/xtensa/expression_with_stack.c.obj
[650/1233] Building C object esp-idf/esp_system/CMakeFiles/__idf_esp_system.dir/port/cpu_start.c.obj
[651/1233] Building C object esp-idf/esp_system/CMakeFiles/__idf_esp_system.dir/port/arch/xtensa/panic_arch.c.obj
[652/1233] Building C object esp-idf/esp_system/CMakeFiles/__idf_esp_system.dir/port/soc/esp32s3/reset_reason.c.obj
[653/1233] Building C object esp-idf/esp_system/CMakeFiles/__idf_esp_system.dir/port/soc/esp32s3/cache_err_int.c.obj
[654/1233] Building C object esp-idf/esp_system/CMakeFiles/__idf_esp_system.dir/port/soc/esp32s3/apb_backup_dma.c.obj
[655/1233] Building C object esp-idf/esp_system/CMakeFiles/__idf_esp_system.dir/task_wdt/task_wdt.c.obj
[656/1233] Building C object esp-idf/spi_flash/CMakeFiles/__idf_spi_flash.dir/spi_flash_hpm_enable.c.obj
[657/1233] Building C object esp-idf/spi_flash/CMakeFiles/__idf_spi_flash.dir/spi_flash_chip_drivers.c.obj
[658/1233] Building C object esp-idf/spi_flash/CMakeFiles/__idf_spi_flash.dir/esp32s3/spi_flash_oct_flash_init.c.obj
[659/1233] Building C object esp-idf/spi_flash/CMakeFiles/__idf_spi_flash.dir/spi_flash_chip_issi.c.obj
[660/1233] Building C object esp-idf/spi_flash/CMakeFiles/__idf_spi_flash.dir/spi_flash_chip_boya.c.obj
[661/1233] Building C object esp-idf/esp_system/CMakeFiles/__idf_esp_system.dir/port/arch/xtensa/debug_helpers.c.obj
[662/1233] Building C object esp-idf/spi_flash/CMakeFiles/__idf_spi_flash.dir/spi_flash_chip_gd.c.obj
[663/1233] Building C object esp-idf/spi_flash/CMakeFiles/__idf_spi_flash.dir/spi_flash_chip_mxic.c.obj
[664/1233] Building C object esp-idf/spi_flash/CMakeFiles/__idf_spi_flash.dir/spi_flash_chip_th.c.obj
[665/1233] Building C object esp-idf/spi_flash/CMakeFiles/__idf_spi_flash.dir/spi_flash_chip_winbond.c.obj
[666/1233] Building C object esp-idf/esp_system/CMakeFiles/__idf_esp_system.dir/port/soc/esp32s3/clk.c.obj
[667/1233] Building C object esp-idf/esp_system/CMakeFiles/__idf_esp_system.dir/port/soc/esp32s3/system_internal.c.obj
[668/1233] Building C object esp-idf/esp_mm/CMakeFiles/__idf_esp_mm.dir/port/esp32s3/ext_mem_layout.c.obj
[669/1233] Building C object esp-idf/spi_flash/CMakeFiles/__idf_spi_flash.dir/spi_flash_os_func_noos.c.obj
[670/1233] Building C object esp-idf/spi_flash/CMakeFiles/__idf_spi_flash.dir/memspi_host_driver.c.obj
[671/1233] Building C object esp-idf/spi_flash/CMakeFiles/__idf_spi_flash.dir/spi_flash_chip_mxic_opi.c.obj
[672/1233] Building C object esp-idf/spi_flash/CMakeFiles/__idf_spi_flash.dir/spi_flash_wrap.c.obj
[673/1233] Building C object esp-idf/esp_mm/CMakeFiles/__idf_esp_mm.dir/heap_align_hw.c.obj
[674/1233] Building C object esp-idf/spi_flash/CMakeFiles/__idf_spi_flash.dir/flash_ops.c.obj
[675/1233] Building C object esp-idf/spi_flash/CMakeFiles/__idf_spi_flash.dir/flash_mmap.c.obj
[676/1233] Building C object esp-idf/spi_flash/CMakeFiles/__idf_spi_flash.dir/spi_flash_chip_generic.c.obj
[677/1233] Building C object esp-idf/spi_flash/CMakeFiles/__idf_spi_flash.dir/cache_utils.c.obj
[678/1233] Building C object esp-idf/bootloader_support/CMakeFiles/__idf_bootloader_support.dir/src/bootloader_mem.c.obj
[679/1233] Building C object esp-idf/spi_flash/CMakeFiles/__idf_spi_flash.dir/spi_flash_os_func_app.c.obj
[680/1233] Building C object esp-idf/esp_mm/CMakeFiles/__idf_esp_mm.dir/esp_cache_utils.c.obj
[681/1233] Linking C static library esp-idf/esp_system/libesp_system.a
[682/1233] Building C object esp-idf/esp_mm/CMakeFiles/__idf_esp_mm.dir/esp_cache_msync.c.obj
[683/1233] Building C object esp-idf/bootloader_support/CMakeFiles/__idf_bootloader_support.dir/src/bootloader_efuse.c.obj
[684/1233] Building C object esp-idf/bootloader_support/CMakeFiles/__idf_bootloader_support.dir/src/bootloader_clock_init.c.obj
[685/1233] Building C object esp-idf/bootloader_support/CMakeFiles/__idf_bootloader_support.dir/src/bootloader_random_esp32s3.c.obj
[686/1233] Building C object esp-idf/bootloader_support/CMakeFiles/__idf_bootloader_support.dir/src/bootloader_common.c.obj
[687/1233] Building C object esp-idf/bootloader_support/CMakeFiles/__idf_bootloader_support.dir/src/bootloader_random.c.obj
[688/1233] Building C object esp-idf/bootloader_support/CMakeFiles/__idf_bootloader_support.dir/src/bootloader_common_loader.c.obj
[689/1233] Building C object esp-idf/bootloader_support/CMakeFiles/__idf_bootloader_support.dir/src/flash_partitions.c.obj
[690/1233] Building C object esp-idf/bootloader_support/CMakeFiles/__idf_bootloader_support.dir/src/secure_boot.c.obj
[691/1233] Building C object esp-idf/spi_flash/CMakeFiles/__idf_spi_flash.dir/esp_flash_spi_init.c.obj
[692/1233] Building C object esp-idf/bootloader_support/CMakeFiles/__idf_bootloader_support.dir/src/flash_encrypt.c.obj
[693/1233] Building C object esp-idf/bootloader_support/CMakeFiles/__idf_bootloader_support.dir/src/esp32s3/secure_boot_secure_features.c.obj
[694/1233] Building C object esp-idf/efuse/CMakeFiles/__idf_efuse.dir/esp32s3/esp_efuse_fields.c.obj
[695/1233] Building C object esp-idf/bootloader_support/CMakeFiles/__idf_bootloader_support.dir/bootloader_flash/src/flash_qio_mode.c.obj
[696/1233] Building C object esp-idf/esp_mm/CMakeFiles/__idf_esp_mm.dir/esp_mmu_map.c.obj
[697/1233] Building C object esp-idf/efuse/CMakeFiles/__idf_efuse.dir/esp32s3/esp_efuse_table.c.obj
[698/1233] Building C object esp-idf/bootloader_support/CMakeFiles/__idf_bootloader_support.dir/src/idf/bootloader_sha.c.obj
[699/1233] Building C object esp-idf/efuse/CMakeFiles/__idf_efuse.dir/esp32s3/esp_efuse_rtc_calib.c.obj
[700/1233] Building C object esp-idf/efuse/CMakeFiles/__idf_efuse.dir/src/esp_efuse_fields.c.obj
[701/1233] Building C object esp-idf/efuse/CMakeFiles/__idf_efuse.dir/esp32s3/esp_efuse_utility.c.obj
[702/1233] Building C object esp-idf/app_update/CMakeFiles/__idf_app_update.dir/esp_ota_app_desc.c.obj
[703/1233] Building C object esp-idf/efuse/CMakeFiles/__idf_efuse.dir/src/esp_efuse_startup.c.obj
[704/1233] Building C object esp-idf/bootloader_support/CMakeFiles/__idf_bootloader_support.dir/bootloader_flash/src/bootloader_flash.c.obj
[705/1233] Building C object esp-idf/bootloader_support/CMakeFiles/__idf_bootloader_support.dir/bootloader_flash/src/bootloader_flash_config_esp32s3.c.obj
[706/1233] Building C object esp-idf/mbedtls/mbedtls/library/CMakeFiles/mbedtls.dir/debug.c.obj
[707/1233] Building C object esp-idf/spi_flash/CMakeFiles/__idf_spi_flash.dir/esp_flash_api.c.obj
[708/1233] Building C object esp-idf/mbedtls/mbedtls/library/CMakeFiles/mbedtls.dir/mps_trace.c.obj
[709/1233] Building C object esp-idf/esp_bootloader_format/CMakeFiles/__idf_esp_bootloader_format.dir/esp_bootloader_desc.c.obj
[710/1233] Building C object esp-idf/esp_partition/CMakeFiles/__idf_esp_partition.dir/partition_target.c.obj
[711/1233] Building C object esp-idf/esp_app_format/CMakeFiles/__idf_esp_app_format.dir/esp_app_desc.c.obj
[712/1233] Building C object esp-idf/efuse/CMakeFiles/__idf_efuse.dir/src/esp_efuse_api.c.obj
[713/1233] Building C object esp-idf/mbedtls/mbedtls/library/CMakeFiles/mbedtls.dir/mps_reader.c.obj
[714/1233] Building C object esp-idf/efuse/CMakeFiles/__idf_efuse.dir/src/efuse_controller/keys/with_key_purposes/esp_efuse_api_key.c.obj
[715/1233] Building C object esp-idf/bootloader_support/CMakeFiles/__idf_bootloader_support.dir/src/esp_image_format.c.obj
[716/1233] Linking C static library esp-idf/spi_flash/libspi_flash.a
[717/1233] Building C object esp-idf/esp_partition/CMakeFiles/__idf_esp_partition.dir/partition.c.obj
[718/1233] Building C object esp-idf/efuse/CMakeFiles/__idf_efuse.dir/src/esp_efuse_utility.c.obj
[719/1233] Building C object esp-idf/mbedtls/mbedtls/library/CMakeFiles/mbedtls.dir/ssl_tls13_keys.c.obj
[720/1233] Linking C static library esp-idf/esp_mm/libesp_mm.a
[721/1233] Building C object esp-idf/mbedtls/mbedtls/library/CMakeFiles/mbedtls.dir/ssl_debug_helpers_generated.c.obj
[722/1233] Building C object esp-idf/bootloader_support/CMakeFiles/__idf_bootloader_support.dir/src/bootloader_utility.c.obj
[723/1233] Building C object esp-idf/mbedtls/mbedtls/library/CMakeFiles/mbedtls.dir/ssl_tls13_client.c.obj
[724/1233] Building C object esp-idf/mbedtls/mbedtls/library/CMakeFiles/mbedtls.dir/ssl_tls13_server.c.obj
[725/1233] Building C object esp-idf/mbedtls/mbedtls/library/CMakeFiles/mbedtls.dir/ssl_cache.c.obj
[726/1233] Building C object esp-idf/mbedtls/mbedtls/library/CMakeFiles/mbedtls.dir/ssl_ciphersuites.c.obj
[727/1233] Building C object esp-idf/mbedtls/mbedtls/library/CMakeFiles/mbedtls.dir/ssl_tls13_generic.c.obj
[728/1233] Building C object esp-idf/mbedtls/mbedtls/library/CMakeFiles/mbedtls.dir/ssl_cookie.c.obj
[729/1233] Building C object esp-idf/mbedtls/mbedtls/library/CMakeFiles/mbedtls.dir/home/pncosta/esp/esp-idf/components/mbedtls/port/esp_platform_time.c.obj
[730/1233] Linking C static library esp-idf/bootloader_support/libbootloader_support.a
[731/1233] Linking C static library esp-idf/efuse/libefuse.a
[732/1233] Building C object esp-idf/mbedtls/mbedtls/library/CMakeFiles/mbedtls.dir/ssl_ticket.c.obj
[733/1233] Building C object esp-idf/app_update/CMakeFiles/__idf_app_update.dir/esp_ota_ops.c.obj
[734/1233] Building C object esp-idf/mbedtls/mbedtls/library/CMakeFiles/mbedtls.dir/home/pncosta/esp/esp-idf/components/mbedtls/port/mbedtls_debug.c.obj
[735/1233] Linking C static library esp-idf/esp_partition/libesp_partition.a
[736/1233] Building C object esp-idf/mbedtls/mbedtls/library/CMakeFiles/mbedtls.dir/ssl_client.c.obj
[737/1233] Linking C static library esp-idf/app_update/libapp_update.a
[738/1233] Building C object esp-idf/mbedtls/mbedtls/library/CMakeFiles/mbedcrypto.dir/aesni.c.obj
[739/1233] Linking C static library esp-idf/esp_bootloader_format/libesp_bootloader_format.a
[740/1233] Building C object esp-idf/mbedtls/mbedtls/library/CMakeFiles/mbedx509.dir/x509write.c.obj
[741/1233] Linking C static library esp-idf/esp_app_format/libesp_app_format.a
[742/1233] Building C object esp-idf/mbedtls/mbedtls/library/CMakeFiles/mbedx509.dir/x509_create.c.obj
[743/1233] Building C object esp-idf/mbedtls/mbedtls/library/CMakeFiles/mbedcrypto.dir/aesce.c.obj
[744/1233] Building C object esp-idf/mbedtls/mbedtls/library/CMakeFiles/mbedx509.dir/x509write_csr.c.obj
[745/1233] Building C object esp-idf/mbedtls/mbedtls/library/CMakeFiles/mbedx509.dir/x509_csr.c.obj
[746/1233] Building C object esp-idf/mbedtls/mbedtls/library/CMakeFiles/mbedx509.dir/pkcs7.c.obj
[747/1233] Building C object esp-idf/mbedtls/mbedtls/library/CMakeFiles/mbedtls.dir/home/pncosta/esp/esp-idf/components/mbedtls/port/net_sockets.c.obj
[748/1233] Building C object esp-idf/mbedtls/mbedtls/library/CMakeFiles/mbedcrypto.dir/aes.c.obj
[749/1233] Building C object esp-idf/mbedtls/mbedtls/library/CMakeFiles/mbedcrypto.dir/bignum_mod.c.obj
[750/1233] Building C object esp-idf/mbedtls/mbedtls/library/CMakeFiles/mbedx509.dir/x509_crl.c.obj
[751/1233] Building C object esp-idf/mbedtls/mbedtls/library/CMakeFiles/mbedtls.dir/ssl_tls12_client.c.obj
[752/1233] Building C object esp-idf/mbedtls/mbedtls/library/CMakeFiles/mbedcrypto.dir/block_cipher.c.obj
[753/1233] Building C object esp-idf/mbedtls/mbedtls/library/CMakeFiles/mbedx509.dir/x509write_crt.c.obj
[754/1233] Building C object esp-idf/mbedtls/mbedtls/library/CMakeFiles/mbedcrypto.dir/camellia.c.obj
[755/1233] Building C object esp-idf/mbedtls/mbedtls/library/CMakeFiles/mbedcrypto.dir/asn1parse.c.obj
[756/1233] Building C object esp-idf/mbedtls/mbedtls/library/CMakeFiles/mbedcrypto.dir/bignum_mod_raw.c.obj
[757/1233] Building C object esp-idf/mbedtls/mbedtls/library/CMakeFiles/mbedcrypto.dir/base64.c.obj
[758/1233] Building C object esp-idf/mbedtls/mbedtls/library/CMakeFiles/mbedcrypto.dir/chacha20.c.obj
[759/1233] Building C object esp-idf/mbedtls/mbedtls/library/CMakeFiles/mbedcrypto.dir/chachapoly.c.obj
[760/1233] Building C object esp-idf/mbedtls/mbedtls/library/CMakeFiles/mbedtls.dir/ssl_msg.c.obj
[761/1233] Building C object esp-idf/mbedtls/mbedtls/library/CMakeFiles/mbedcrypto.dir/asn1write.c.obj
[762/1233] Building C object esp-idf/mbedtls/mbedtls/library/CMakeFiles/mbedcrypto.dir/aria.c.obj
[763/1233] Building C object esp-idf/mbedtls/mbedtls/library/CMakeFiles/mbedx509.dir/x509.c.obj
[764/1233] Building C object esp-idf/mbedtls/mbedtls/library/CMakeFiles/mbedcrypto.dir/des.c.obj
[765/1233] Building C object esp-idf/mbedtls/mbedtls/library/CMakeFiles/mbedcrypto.dir/dhm.c.obj
[766/1233] Building C object esp-idf/mbedtls/mbedtls/library/CMakeFiles/mbedcrypto.dir/constant_time.c.obj
[767/1233] Building C object esp-idf/mbedtls/mbedtls/library/CMakeFiles/mbedtls.dir/ssl_tls12_server.c.obj
[768/1233] Building C object esp-idf/mbedtls/mbedtls/library/CMakeFiles/mbedcrypto.dir/cipher_wrap.c.obj
[769/1233] Building C object esp-idf/mbedtls/mbedtls/library/CMakeFiles/mbedcrypto.dir/ccm.c.obj
[770/1233] Building C object esp-idf/mbedtls/mbedtls/library/CMakeFiles/mbedcrypto.dir/ecjpake.c.obj
[771/1233] Building C object esp-idf/mbedtls/mbedtls/library/CMakeFiles/mbedcrypto.dir/ecp_curves_new.c.obj
[772/1233] Building C object esp-idf/mbedtls/mbedtls/library/CMakeFiles/mbedcrypto.dir/ecdh.c.obj
[773/1233] Building C object esp-idf/mbedtls/mbedtls/library/CMakeFiles/mbedcrypto.dir/entropy_poll.c.obj
[774/1233] Building C object esp-idf/mbedtls/mbedtls/library/CMakeFiles/mbedcrypto.dir/bignum_core.c.obj
[775/1233] Building C object esp-idf/mbedtls/mbedtls/library/CMakeFiles/mbedcrypto.dir/cmac.c.obj
[776/1233] Building C object esp-idf/mbedtls/mbedtls/library/CMakeFiles/mbedcrypto.dir/hkdf.c.obj
[777/1233] Building C object esp-idf/mbedtls/mbedtls/library/CMakeFiles/mbedcrypto.dir/ctr_drbg.c.obj
[778/1233] Building C object esp-idf/mbedtls/mbedtls/library/CMakeFiles/mbedcrypto.dir/ecdsa.c.obj
[779/1233] Building C object esp-idf/mbedtls/mbedtls/library/CMakeFiles/mbedcrypto.dir/entropy.c.obj
[780/1233] Building C object esp-idf/mbedtls/mbedtls/library/CMakeFiles/mbedcrypto.dir/memory_buffer_alloc.c.obj
[781/1233] Building C object esp-idf/mbedtls/mbedtls/library/CMakeFiles/mbedx509.dir/x509_crt.c.obj
[782/1233] Building C object esp-idf/mbedtls/mbedtls/library/CMakeFiles/mbedcrypto.dir/nist_kw.c.obj
[783/1233] Building C object esp-idf/mbedtls/mbedtls/library/CMakeFiles/mbedcrypto.dir/md5.c.obj
[784/1233] Building C object esp-idf/mbedtls/mbedtls/library/CMakeFiles/mbedcrypto.dir/hmac_drbg.c.obj
[785/1233] Building C object esp-idf/mbedtls/mbedtls/library/CMakeFiles/mbedcrypto.dir/cipher.c.obj
[786/1233] Building C object esp-idf/mbedtls/mbedtls/library/CMakeFiles/mbedcrypto.dir/padlock.c.obj
[787/1233] Building C object esp-idf/mbedtls/mbedtls/library/CMakeFiles/mbedcrypto.dir/lmots.c.obj
[788/1233] Building C object esp-idf/mbedtls/mbedtls/library/CMakeFiles/mbedcrypto.dir/bignum.c.obj
[789/1233] Building C object esp-idf/mbedtls/mbedtls/library/CMakeFiles/mbedcrypto.dir/lms.c.obj
[790/1233] Building C object esp-idf/mbedtls/mbedtls/library/CMakeFiles/mbedcrypto.dir/pem.c.obj
[791/1233] Building C object esp-idf/mbedtls/mbedtls/library/CMakeFiles/mbedcrypto.dir/error.c.obj
[792/1233] Building C object esp-idf/mbedtls/mbedtls/library/CMakeFiles/mbedcrypto.dir/pk_ecc.c.obj
[793/1233] Building C object esp-idf/mbedtls/mbedtls/library/CMakeFiles/mbedcrypto.dir/gcm.c.obj
[794/1233] Building C object esp-idf/mbedtls/mbedtls/library/CMakeFiles/mbedcrypto.dir/md.c.obj
[795/1233] Building C object esp-idf/mbedtls/mbedtls/library/CMakeFiles/mbedcrypto.dir/pkcs12.c.obj
[796/1233] Building C object esp-idf/mbedtls/mbedtls/library/CMakeFiles/mbedcrypto.dir/poly1305.c.obj
[797/1233] Building C object esp-idf/mbedtls/mbedtls/library/CMakeFiles/mbedtls.dir/ssl_tls.c.obj
[798/1233] Building C object esp-idf/mbedtls/mbedtls/library/CMakeFiles/mbedcrypto.dir/ecp_curves.c.obj
[799/1233] Building C object esp-idf/mbedtls/mbedtls/library/CMakeFiles/mbedcrypto.dir/pk_wrap.c.obj
[800/1233] Building C object esp-idf/mbedtls/mbedtls/library/CMakeFiles/mbedcrypto.dir/pkcs5.c.obj
[801/1233] Building C object esp-idf/mbedtls/mbedtls/library/CMakeFiles/mbedcrypto.dir/platform_util.c.obj
[802/1233] Building C object esp-idf/mbedtls/mbedtls/library/CMakeFiles/mbedcrypto.dir/oid.c.obj
[803/1233] Building C object esp-idf/mbedtls/mbedtls/library/CMakeFiles/mbedcrypto.dir/platform.c.obj
[804/1233] Linking CXX static library esp-idf/mbedtls/mbedtls/library/libmbedtls.a
[805/1233] Building C object esp-idf/mbedtls/mbedtls/library/CMakeFiles/mbedcrypto.dir/psa_crypto_client.c.obj
[806/1233] Building C object esp-idf/mbedtls/mbedtls/library/CMakeFiles/mbedcrypto.dir/psa_crypto_driver_wrappers_no_static.c.obj
[807/1233] Building C object esp-idf/mbedtls/mbedtls/library/CMakeFiles/mbedcrypto.dir/pk.c.obj
[808/1233] Building C object esp-idf/mbedtls/mbedtls/library/CMakeFiles/mbedcrypto.dir/psa_crypto_ffdh.c.obj
[809/1233] Building C object esp-idf/mbedtls/mbedtls/library/CMakeFiles/mbedcrypto.dir/pkwrite.c.obj
[810/1233] Building C object esp-idf/mbedtls/mbedtls/library/CMakeFiles/mbedcrypto.dir/psa_crypto_se.c.obj
[811/1233] Building C object esp-idf/mbedtls/mbedtls/library/CMakeFiles/mbedcrypto.dir/psa_crypto_pake.c.obj
[812/1233] Building C object esp-idf/mbedtls/mbedtls/library/CMakeFiles/mbedcrypto.dir/psa_crypto_hash.c.obj
[813/1233] Building C object esp-idf/mbedtls/mbedtls/library/CMakeFiles/mbedcrypto.dir/ripemd160.c.obj
[814/1233] Building C object esp-idf/mbedtls/mbedtls/library/CMakeFiles/mbedcrypto.dir/psa_crypto_aead.c.obj
[815/1233] Building C object esp-idf/mbedtls/mbedtls/library/CMakeFiles/mbedcrypto.dir/psa_crypto_ecp.c.obj
[816/1233] Building C object esp-idf/mbedtls/mbedtls/library/CMakeFiles/mbedcrypto.dir/psa_crypto_mac.c.obj
[817/1233] Building C object esp-idf/mbedtls/mbedtls/library/CMakeFiles/mbedcrypto.dir/psa_its_file.c.obj
[818/1233] Building C object esp-idf/mbedtls/mbedtls/library/CMakeFiles/mbedcrypto.dir/pkparse.c.obj
[819/1233] Building C object esp-idf/mbedtls/mbedtls/library/CMakeFiles/mbedcrypto.dir/ecp.c.obj
[820/1233] Building C object esp-idf/mbedtls/mbedtls/library/CMakeFiles/mbedcrypto.dir/sha3.c.obj
[821/1233] Building C object esp-idf/mbedtls/mbedtls/library/CMakeFiles/mbedcrypto.dir/psa_crypto_cipher.c.obj
[822/1233] Building C object esp-idf/mbedtls/mbedtls/library/CMakeFiles/mbedcrypto.dir/sha256.c.obj
[823/1233] Building C object esp-idf/mbedtls/mbedtls/library/CMakeFiles/mbedcrypto.dir/timing.c.obj
[824/1233] Building C object esp-idf/mbedtls/mbedtls/library/CMakeFiles/mbedcrypto.dir/psa_crypto_rsa.c.obj
[825/1233] Building C object esp-idf/mbedtls/mbedtls/library/CMakeFiles/mbedcrypto.dir/sha1.c.obj
[826/1233] Building C object esp-idf/mbedtls/mbedtls/library/CMakeFiles/mbedcrypto.dir/psa_util.c.obj
[827/1233] Building C object esp-idf/mbedtls/mbedtls/library/CMakeFiles/mbedcrypto.dir/version.c.obj
[828/1233] Building C object esp-idf/mbedtls/mbedtls/library/CMakeFiles/mbedcrypto.dir/psa_crypto_storage.c.obj
[829/1233] Building C object esp-idf/mbedtls/mbedtls/library/CMakeFiles/mbedcrypto.dir/version_features.c.obj
[830/1233] Building C object esp-idf/mbedtls/mbedtls/library/CMakeFiles/mbedcrypto.dir/sha512.c.obj
[831/1233] Building C object esp-idf/mbedtls/mbedtls/library/CMakeFiles/mbedcrypto.dir/threading.c.obj
[832/1233] Building C object esp-idf/mbedtls/mbedtls/library/CMakeFiles/mbedcrypto.dir/home/pncosta/esp/esp-idf/components/mbedtls/port/aes/dma/esp_aes_gdma_impl.c.obj
[833/1233] Building C object esp-idf/mbedtls/mbedtls/library/CMakeFiles/mbedcrypto.dir/home/pncosta/esp/esp-idf/components/mbedtls/port/sha/dma/esp_sha_gdma_impl.c.obj
[834/1233] Building C object esp-idf/mbedtls/mbedtls/library/CMakeFiles/mbedcrypto.dir/home/pncosta/esp/esp-idf/components/mbedtls/port/esp_mem.c.obj
[835/1233] Building C object esp-idf/mbedtls/mbedtls/library/CMakeFiles/mbedcrypto.dir/psa_crypto_slot_management.c.obj
[836/1233] Building C object esp-idf/mbedtls/mbedtls/library/CMakeFiles/mbedcrypto.dir/home/pncosta/esp/esp-idf/components/mbedtls/port/esp_hardware.c.obj
[837/1233] Building C object esp-idf/mbedtls/mbedtls/library/CMakeFiles/mbedcrypto.dir/rsa_alt_helpers.c.obj
[838/1233] Building C object esp-idf/mbedtls/mbedtls/library/CMakeFiles/mbedcrypto.dir/home/pncosta/esp/esp-idf/components/mbedtls/port/esp_timing.c.obj
[839/1233] Building C object esp-idf/mbedtls/mbedtls/library/CMakeFiles/mbedcrypto.dir/home/pncosta/esp/esp-idf/components/mbedtls/port/sha/esp_sha.c.obj
[840/1233] Building C object esp-idf/mbedtls/mbedtls/library/CMakeFiles/mbedcrypto.dir/home/pncosta/esp/esp-idf/components/mbedtls/port/aes/esp_aes_common.c.obj
[841/1233] Building C object esp-idf/mbedtls/mbedtls/library/CMakeFiles/mbedcrypto.dir/home/pncosta/esp/esp-idf/components/mbedtls/port/aes/esp_aes_xts.c.obj
[842/1233] Building C object esp-idf/mbedtls/mbedtls/library/CMakeFiles/mbedcrypto.dir/home/pncosta/esp/esp-idf/components/mbedtls/port/crypto_shared_gdma/esp_crypto_shared_gdma.c.obj
[843/1233] Linking CXX static library esp-idf/mbedtls/mbedtls/library/libmbedx509.a
[844/1233] Building C object esp-idf/mbedtls/mbedtls/library/CMakeFiles/mbedcrypto.dir/home/pncosta/esp/esp-idf/components/mbedtls/port/esp_ds/esp_rsa_dec_alt.c.obj
[845/1233] Building C object esp-idf/mbedtls/mbedtls/library/CMakeFiles/mbedcrypto.dir/home/pncosta/esp/esp-idf/components/mbedtls/port/sha/dma/esp_sha1.c.obj
[846/1233] Building C object esp-idf/mbedtls/mbedtls/library/CMakeFiles/mbedcrypto.dir/home/pncosta/esp/esp-idf/components/mbedtls/port/sha/dma/esp_sha256.c.obj
[847/1233] Building C object esp-idf/mbedtls/mbedtls/library/CMakeFiles/mbedcrypto.dir/home/pncosta/esp/esp-idf/components/mbedtls/port/md/esp_md.c.obj
[848/1233] Building C object esp-idf/mbedtls/mbedtls/library/CMakeFiles/mbedcrypto.dir/home/pncosta/esp/esp-idf/components/mbedtls/port/aes/dma/esp_aes_dma_core.c.obj
[849/1233] Building C object esp-idf/mbedtls/mbedtls/library/CMakeFiles/mbedcrypto.dir/home/pncosta/esp/esp-idf/components/mbedtls/port/sha/dma/esp_sha512.c.obj
[850/1233] Building C object esp-idf/mbedtls/mbedtls/library/CMakeFiles/mbedcrypto.dir/home/pncosta/esp/esp-idf/components/mbedtls/port/esp_ds/esp_ds_common.c.obj
[851/1233] Building C object esp-idf/mbedtls/mbedtls/library/CMakeFiles/mbedcrypto.dir/home/pncosta/esp/esp-idf/components/mbedtls/port/aes/dma/esp_aes.c.obj
[852/1233] Building C object esp-idf/mbedtls/mbedtls/library/CMakeFiles/mbedcrypto.dir/home/pncosta/esp/esp-idf/components/mbedtls/port/sha/dma/sha.c.obj
[853/1233] Creating directories for 'bootloader'
[854/1233] Building C object esp-idf/mbedtls/mbedtls/3rdparty/p256-m/CMakeFiles/p256m.dir/p256-m_driver_entrypoints.c.obj
[855/1233] Building C object esp-idf/mbedtls/mbedtls/3rdparty/everest/CMakeFiles/everest.dir/library/x25519.c.obj
[856/1233] Building C object esp-idf/mbedtls/mbedtls/library/CMakeFiles/mbedcrypto.dir/home/pncosta/esp/esp-idf/components/mbedtls/port/esp_ds/esp_rsa_sign_alt.c.obj
[857/1233] Building C object esp-idf/mbedtls/mbedtls/3rdparty/everest/CMakeFiles/everest.dir/library/Hacl_Curve25519_joined.c.obj
[858/1233] Building C object esp-idf/mbedtls/mbedtls/3rdparty/everest/CMakeFiles/everest.dir/library/everest.c.obj
[859/1233] Building C object esp-idf/mbedtls/mbedtls/library/CMakeFiles/mbedcrypto.dir/home/pncosta/esp/esp-idf/components/mbedtls/port/bignum/bignum_alt.c.obj
[860/1233] No download step for 'bootloader'
[861/1233] No update step for 'bootloader'
[862/1233] Building C object esp-idf/mbedtls/mbedtls/library/CMakeFiles/mbedcrypto.dir/home/pncosta/esp/esp-idf/components/mbedtls/port/bignum/esp_bignum.c.obj
[863/1233] Building C object esp-idf/mbedtls/mbedtls/3rdparty/p256-m/CMakeFiles/p256m.dir/p256-m/p256-m.c.obj
[864/1233] No patch step for 'bootloader'
[865/1233] Building C object esp-idf/mbedtls/mbedtls/library/CMakeFiles/mbedcrypto.dir/home/pncosta/esp/esp-idf/components/mbedtls/port/aes/esp_aes_gcm.c.obj
[866/1233] Building C object esp-idf/mbedtls/mbedtls/library/CMakeFiles/mbedcrypto.dir/rsa.c.obj
[867/1233] Building C object esp-idf/mbedtls/mbedtls/library/CMakeFiles/mbedcrypto.dir/psa_crypto.c.obj
[868/1233] Linking CXX static library esp-idf/mbedtls/mbedtls/library/libmbedcrypto.a
[869/1233] Linking CXX static library esp-idf/mbedtls/mbedtls/3rdparty/p256-m/libp256m.a
[870/1233] Linking CXX static library esp-idf/mbedtls/mbedtls/3rdparty/everest/libeverest.a
[871/1233] Generating x509_crt_bundle
[872/1233] Generating ../../x509_crt_bundle.S
[873/1233] Building ASM object esp-idf/xtensa/CMakeFiles/__idf_xtensa.dir/xtensa_intr_asm.S.obj
[874/1233] Building ASM object esp-idf/xtensa/CMakeFiles/__idf_xtensa.dir/xtensa_context.S.obj
[875/1233] Building C object esp-idf/xtensa/CMakeFiles/__idf_xtensa.dir/eri.c.obj
[876/1233] Building ASM object esp-idf/mbedtls/CMakeFiles/__idf_mbedtls.dir/__/__/x509_crt_bundle.S.obj
[877/1233] Building C object esp-idf/xtensa/CMakeFiles/__idf_xtensa.dir/xt_trax.c.obj
[878/1233] Building C object esp-idf/esp_driver_gpio/CMakeFiles/__idf_esp_driver_gpio.dir/src/gpio_glitch_filter_ops.c.obj
[879/1233] Building ASM object esp-idf/xtensa/CMakeFiles/__idf_xtensa.dir/xtensa_vectors.S.obj
[880/1233] Building C object esp-idf/xtensa/CMakeFiles/__idf_xtensa.dir/xtensa_intr.c.obj
[881/1233] Building C object esp-idf/esp_pm/CMakeFiles/__idf_esp_pm.dir/pm_trace.c.obj
[882/1233] Building C object esp-idf/esp_pm/CMakeFiles/__idf_esp_pm.dir/pm_locks.c.obj
[883/1233] Building C object esp-idf/esp_driver_gpio/CMakeFiles/__idf_esp_driver_gpio.dir/src/gpio_pin_glitch_filter.c.obj
[884/1233] Building C object esp-idf/bt/CMakeFiles/__idf_bt.dir/common/api/esp_blufi_api.c.obj
[885/1233] Building C object esp-idf/bt/CMakeFiles/__idf_bt.dir/common/btc/core/btc_alarm.c.obj
[886/1233] Building C object esp-idf/bt/CMakeFiles/__idf_bt.dir/common/btc/core/btc_manage.c.obj
[887/1233] Building C object esp-idf/bt/CMakeFiles/__idf_bt.dir/common/osi/allocator.c.obj
[888/1233] Building C object esp-idf/bt/CMakeFiles/__idf_bt.dir/common/hci_log/bt_hci_log.c.obj
[889/1233] Building C object esp-idf/esp_pm/CMakeFiles/__idf_esp_pm.dir/pm_impl.c.obj
[890/1233] Building C object esp-idf/mbedtls/CMakeFiles/__idf_mbedtls.dir/esp_crt_bundle/esp_crt_bundle.c.obj
[891/1233] Linking C static library esp-idf/mbedtls/libmbedtls.a
[892/1233] Building C object esp-idf/esp_driver_gpio/CMakeFiles/__idf_esp_driver_gpio.dir/src/dedic_gpio.c.obj
[893/1233] Building C object esp-idf/bt/CMakeFiles/__idf_bt.dir/common/btc/profile/esp/blufi/blufi_prf.c.obj
[894/1233] Building C object esp-idf/bt/CMakeFiles/__idf_bt.dir/common/btc/core/btc_task.c.obj
[895/1233] Building C object esp-idf/bt/CMakeFiles/__idf_bt.dir/common/osi/buffer.c.obj
[896/1233] Linking C static library esp-idf/esp_pm/libesp_pm.a
[897/1233] Building C object esp-idf/bt/CMakeFiles/__idf_bt.dir/common/btc/profile/esp/blufi/blufi_protocol.c.obj
[898/1233] Building C object esp-idf/esp_driver_gpio/CMakeFiles/__idf_esp_driver_gpio.dir/src/rtc_io.c.obj
[899/1233] Building C object esp-idf/bt/CMakeFiles/__idf_bt.dir/common/osi/future.c.obj
[900/1233] Building C object esp-idf/bt/CMakeFiles/__idf_bt.dir/common/osi/pkt_queue.c.obj
[901/1233] Building C object esp-idf/bt/CMakeFiles/__idf_bt.dir/common/osi/fixed_pkt_queue.c.obj
[902/1233] Building C object esp-idf/bt/CMakeFiles/__idf_bt.dir/common/osi/hash_functions.c.obj
[903/1233] Building C object esp-idf/bt/CMakeFiles/__idf_bt.dir/common/osi/fixed_queue.c.obj
[904/1233] Building C object esp-idf/bt/CMakeFiles/__idf_bt.dir/common/osi/alarm.c.obj
[905/1233] Building C object esp-idf/bt/CMakeFiles/__idf_bt.dir/common/osi/osi.c.obj
[906/1233] Building C object esp-idf/bt/CMakeFiles/__idf_bt.dir/porting/mem/bt_osi_mem.c.obj
[907/1233] Building C object esp-idf/bt/CMakeFiles/__idf_bt.dir/common/osi/mutex.c.obj
[908/1233] Building C object esp-idf/bt/CMakeFiles/__idf_bt.dir/common/osi/semaphore.c.obj
[909/1233] Building C object esp-idf/bt/CMakeFiles/__idf_bt.dir/common/osi/hash_map.c.obj
[910/1233] Building C object esp-idf/bt/CMakeFiles/__idf_bt.dir/common/osi/list.c.obj
[911/1233] Building C object esp-idf/bt/CMakeFiles/__idf_bt.dir/common/ble_log/ble_log_spi_out.c.obj
[912/1233] Building C object esp-idf/bt/CMakeFiles/__idf_bt.dir/common/tinycrypt/src/utils.c.obj
[913/1233] Building C object esp-idf/bt/CMakeFiles/__idf_bt.dir/common/tinycrypt/src/sha256.c.obj
[914/1233] Building C object esp-idf/bt/CMakeFiles/__idf_bt.dir/common/tinycrypt/src/ecc_platform_specific.c.obj
[915/1233] Building C object esp-idf/bt/CMakeFiles/__idf_bt.dir/common/tinycrypt/src/aes_decrypt.c.obj
[916/1233] Building C object esp-idf/bt/CMakeFiles/__idf_bt.dir/common/tinycrypt/src/ctr_mode.c.obj
[917/1233] Building C object esp-idf/bt/CMakeFiles/__idf_bt.dir/common/tinycrypt/src/ctr_prng.c.obj
[918/1233] Building C object esp-idf/bt/CMakeFiles/__idf_bt.dir/common/osi/config.c.obj
[919/1233] Building C object esp-idf/bt/CMakeFiles/__idf_bt.dir/common/tinycrypt/src/hmac_prng.c.obj
[920/1233] Building C object esp-idf/bt/CMakeFiles/__idf_bt.dir/common/tinycrypt/src/cmac_mode.c.obj
[921/1233] Building C object esp-idf/bt/CMakeFiles/__idf_bt.dir/common/osi/thread.c.obj
[922/1233] Building C object esp-idf/bt/CMakeFiles/__idf_bt.dir/common/tinycrypt/port/esp_tinycrypt_port.c.obj
[923/1233] Building C object esp-idf/bt/CMakeFiles/__idf_bt.dir/common/tinycrypt/src/ecc_dh.c.obj
[924/1233] Building C object esp-idf/bt/CMakeFiles/__idf_bt.dir/common/ble_log/ble_log_uhci_out.c.obj
[925/1233] Building C object esp-idf/bt/CMakeFiles/__idf_bt.dir/common/tinycrypt/src/ecc_dsa.c.obj
[926/1233] Building C object esp-idf/bt/CMakeFiles/__idf_bt.dir/common/tinycrypt/src/hmac.c.obj
[927/1233] Building C object esp-idf/bt/CMakeFiles/__idf_bt.dir/common/tinycrypt/src/cbc_mode.c.obj
[928/1233] Building C object esp-idf/bt/CMakeFiles/__idf_bt.dir/common/tinycrypt/src/aes_encrypt.c.obj
[929/1233] Building C object esp-idf/bt/CMakeFiles/__idf_bt.dir/common/tinycrypt/src/ccm_mode.c.obj
[930/1233] Building C object esp-idf/bt/CMakeFiles/__idf_bt.dir/controller/esp32c3/bt.c.obj
[931/1233] Building C object esp-idf/esp_driver_gpio/CMakeFiles/__idf_esp_driver_gpio.dir/src/gpio.c.obj
[932/1233] Building C object esp-idf/bt/CMakeFiles/__idf_bt.dir/host/nimble/nimble/nimble/host/util/src/addr.c.obj
[933/1233] Linking C static library esp-idf/esp_driver_gpio/libesp_driver_gpio.a
[934/1233] Building C object esp-idf/bt/CMakeFiles/__idf_bt.dir/host/nimble/nimble/nimble/host/services/tps/src/ble_svc_tps.c.obj
[935/1233] Building C object esp-idf/bt/CMakeFiles/__idf_bt.dir/host/nimble/nimble/nimble/transport/src/transport.c.obj
[936/1233] Building C object esp-idf/bt/CMakeFiles/__idf_bt.dir/host/nimble/nimble/nimble/host/services/ipss/src/ble_svc_ipss.c.obj
[937/1233] Building C object esp-idf/bt/CMakeFiles/__idf_bt.dir/host/nimble/nimble/nimble/host/services/ias/src/ble_svc_ias.c.obj
[938/1233] Building C object esp-idf/bt/CMakeFiles/__idf_bt.dir/host/nimble/nimble/nimble/host/services/gatt/src/ble_svc_gatt.c.obj
[939/1233] Linking C static library esp-idf/xtensa/libxtensa.a
[940/1233] Building C object esp-idf/bt/CMakeFiles/__idf_bt.dir/host/nimble/nimble/nimble/host/services/bas/src/ble_svc_bas.c.obj
[941/1233] Building C object esp-idf/bt/CMakeFiles/__idf_bt.dir/host/nimble/nimble/nimble/host/services/hr/src/ble_svc_hr.c.obj
[942/1233] Building C object esp-idf/bt/CMakeFiles/__idf_bt.dir/host/nimble/nimble/nimble/host/services/htp/src/ble_svc_htp.c.obj
[943/1233] Building C object esp-idf/bt/CMakeFiles/__idf_bt.dir/host/nimble/nimble/nimble/host/services/ans/src/ble_svc_ans.c.obj
[944/1233] Building C object esp-idf/bt/CMakeFiles/__idf_bt.dir/common/tinycrypt/src/ecc.c.obj
[945/1233] Building C object esp-idf/bt/CMakeFiles/__idf_bt.dir/host/nimble/nimble/nimble/host/src/ble_cs.c.obj
[946/1233] Building C object esp-idf/bt/CMakeFiles/__idf_bt.dir/host/nimble/nimble/nimble/host/src/ble_hs_shutdown.c.obj
[947/1233] Building C object esp-idf/bt/CMakeFiles/__idf_bt.dir/host/nimble/nimble/nimble/host/services/lls/src/ble_svc_lls.c.obj
[948/1233] Building C object esp-idf/bt/CMakeFiles/__idf_bt.dir/host/nimble/nimble/nimble/host/services/hid/src/ble_svc_hid.c.obj
[949/1233] Building C object esp-idf/bt/CMakeFiles/__idf_bt.dir/host/nimble/nimble/nimble/host/services/dis/src/ble_svc_dis.c.obj
[950/1233] Building C object esp-idf/bt/CMakeFiles/__idf_bt.dir/host/nimble/nimble/nimble/host/services/gap/src/ble_svc_gap.c.obj
[951/1233] Building C object esp-idf/bt/CMakeFiles/__idf_bt.dir/host/nimble/nimble/nimble/host/services/prox/src/ble_svc_prox.c.obj
[952/1233] Building C object esp-idf/bt/CMakeFiles/__idf_bt.dir/host/nimble/nimble/nimble/host/services/cte/src/ble_svc_cte.c.obj
[953/1233] Building C object esp-idf/bt/CMakeFiles/__idf_bt.dir/host/nimble/nimble/nimble/host/services/cts/src/ble_svc_cts.c.obj
[954/1233] Building C object esp-idf/bt/CMakeFiles/__idf_bt.dir/host/nimble/nimble/nimble/host/services/sps/src/ble_svc_sps.c.obj
[955/1233] Building C object esp-idf/bt/CMakeFiles/__idf_bt.dir/host/nimble/nimble/nimble/host/src/ble_store_util.c.obj
[956/1233] Building C object esp-idf/bt/CMakeFiles/__idf_bt.dir/host/nimble/nimble/nimble/host/src/ble_l2cap_sig_cmd.c.obj
[957/1233] Building C object esp-idf/bt/CMakeFiles/__idf_bt.dir/host/nimble/nimble/nimble/host/src/ble_ibeacon.c.obj
[958/1233] Building C object esp-idf/bt/CMakeFiles/__idf_bt.dir/host/nimble/nimble/nimble/host/src/ble_hs_atomic.c.obj
[959/1233] Building C object esp-idf/bt/CMakeFiles/__idf_bt.dir/host/nimble/nimble/nimble/host/src/ble_gatts_lcl.c.obj
[960/1233] Building C object esp-idf/bt/CMakeFiles/__idf_bt.dir/host/nimble/nimble/nimble/host/src/ble_hs_id.c.obj
[961/1233] Building C object esp-idf/bt/CMakeFiles/__idf_bt.dir/host/nimble/nimble/nimble/host/src/ble_hs_hci_cmd.c.obj
[962/1233] Building C object esp-idf/bt/CMakeFiles/__idf_bt.dir/host/nimble/nimble/nimble/host/src/ble_hs_conn.c.obj
[963/1233] Building C object esp-idf/bt/CMakeFiles/__idf_bt.dir/host/nimble/nimble/nimble/host/services/ras/src/ble_svc_ras.c.obj
[964/1233] Building C object esp-idf/bt/CMakeFiles/__idf_bt.dir/host/nimble/nimble/nimble/host/src/ble_hs_stop.c.obj
[965/1233] Building C object esp-idf/bt/CMakeFiles/__idf_bt.dir/host/nimble/nimble/nimble/host/src/ble_hs_periodic_sync.c.obj
[966/1233] Building C object esp-idf/bt/CMakeFiles/__idf_bt.dir/host/nimble/nimble/nimble/host/src/ble_hs_mqueue.c.obj
[967/1233] Building C object esp-idf/bt/CMakeFiles/__idf_bt.dir/host/nimble/nimble/nimble/host/src/ble_ead.c.obj
[968/1233] Building C object esp-idf/bt/CMakeFiles/__idf_bt.dir/host/nimble/nimble/nimble/host/src/ble_sm_alg.c.obj
[969/1233] Building C object esp-idf/bt/CMakeFiles/__idf_bt.dir/host/nimble/nimble/nimble/host/src/ble_aes_ccm.c.obj
[970/1233] Building C object esp-idf/bt/CMakeFiles/__idf_bt.dir/host/nimble/nimble/nimble/host/src/ble_hs_cfg.c.obj
[971/1233] Building C object esp-idf/bt/CMakeFiles/__idf_bt.dir/host/nimble/nimble/nimble/host/src/ble_l2cap_coc.c.obj
[972/1233] Building C object esp-idf/bt/CMakeFiles/__idf_bt.dir/host/nimble/nimble/nimble/host/src/ble_hs_hci_evt.c.obj
[973/1233] Building C object esp-idf/bt/CMakeFiles/__idf_bt.dir/host/nimble/nimble/nimble/host/src/ble_sm_lgcy.c.obj
[974/1233] Building C object esp-idf/bt/CMakeFiles/__idf_bt.dir/host/nimble/nimble/nimble/host/src/ble_att_clt.c.obj
[975/1233] Building C object esp-idf/bt/CMakeFiles/__idf_bt.dir/host/nimble/nimble/nimble/host/src/ble_hs.c.obj
[976/1233] Building C object esp-idf/bt/CMakeFiles/__idf_bt.dir/host/nimble/nimble/nimble/host/src/ble_att.c.obj
[977/1233] Building C object esp-idf/bt/CMakeFiles/__idf_bt.dir/host/nimble/nimble/nimble/host/src/ble_hs_log.c.obj
[978/1233] Building C object esp-idf/bt/CMakeFiles/__idf_bt.dir/host/nimble/nimble/nimble/host/src/ble_store.c.obj
[979/1233] Building C object esp-idf/bt/CMakeFiles/__idf_bt.dir/host/nimble/nimble/nimble/host/src/ble_gattc.c.obj
[980/1233] Building C object esp-idf/bt/CMakeFiles/__idf_bt.dir/host/nimble/nimble/nimble/host/src/ble_hs_mbuf.c.obj
[981/1233] Building C object esp-idf/bt/CMakeFiles/__idf_bt.dir/host/nimble/nimble/nimble/host/src/ble_eddystone.c.obj
[982/1233] Building C object esp-idf/bt/CMakeFiles/__idf_bt.dir/host/nimble/nimble/nimble/host/src/ble_sm_cmd.c.obj
[983/1233] Building C object esp-idf/bt/CMakeFiles/__idf_bt.dir/host/nimble/nimble/nimble/host/src/ble_hs_startup.c.obj
[984/1233] Building C object esp-idf/bt/CMakeFiles/__idf_bt.dir/host/nimble/nimble/nimble/host/src/ble_sm.c.obj
[985/1233] Building C object esp-idf/bt/CMakeFiles/__idf_bt.dir/host/nimble/nimble/nimble/host/src/ble_att_cmd.c.obj
[986/1233] Building C object esp-idf/bt/CMakeFiles/__idf_bt.dir/host/nimble/nimble/nimble/host/store/config/src/ble_store_nvs.c.obj
[987/1233] Building C object esp-idf/bt/CMakeFiles/__idf_bt.dir/host/nimble/nimble/nimble/host/src/ble_hs_resolv.c.obj
[988/1233] Building C object esp-idf/bt/CMakeFiles/__idf_bt.dir/host/nimble/nimble/nimble/host/src/ble_hs_misc.c.obj
[989/1233] Building C object esp-idf/bt/CMakeFiles/__idf_bt.dir/host/nimble/nimble/nimble/host/src/ble_hs_flow.c.obj
[990/1233] Building C object esp-idf/bt/CMakeFiles/__idf_bt.dir/host/nimble/nimble/nimble/host/src/ble_att_svr.c.obj
[991/1233] Building C object esp-idf/bt/CMakeFiles/__idf_bt.dir/host/nimble/nimble/nimble/host/src/ble_uuid.c.obj
[992/1233] Building C object esp-idf/bt/CMakeFiles/__idf_bt.dir/host/nimble/nimble/nimble/host/src/ble_l2cap_sig.c.obj
[993/1233] Building C object esp-idf/bt/CMakeFiles/__idf_bt.dir/host/nimble/nimble/nimble/host/src/ble_eatt.c.obj
[994/1233] Building C object esp-idf/bt/CMakeFiles/__idf_bt.dir/host/nimble/nimble/porting/nimble/src/endian.c.obj
[995/1233] Building C object esp-idf/bt/CMakeFiles/__idf_bt.dir/host/nimble/nimble/nimble/host/src/ble_l2cap.c.obj
[996/1233] Building C object esp-idf/bt/CMakeFiles/__idf_bt.dir/host/nimble/nimble/nimble/host/src/ble_hs_hci_util.c.obj
[997/1233] Building C object esp-idf/bt/CMakeFiles/__idf_bt.dir/host/nimble/nimble/nimble/host/src/ble_hs_pvcy.c.obj
[998/1233] Building C object esp-idf/bt/CMakeFiles/__idf_bt.dir/host/nimble/nimble/nimble/host/store/ram/src/ble_store_ram.c.obj
[999/1233] Building C object esp-idf/bt/CMakeFiles/__idf_bt.dir/host/nimble/port/src/nvs_port.c.obj
[1000/1233] Building C object esp-idf/bt/CMakeFiles/__idf_bt.dir/host/nimble/nimble/nimble/host/src/ble_sm_sc.c.obj
[1001/1233] Building C object esp-idf/bt/CMakeFiles/__idf_bt.dir/host/nimble/nimble/nimble/host/src/ble_hs_hci.c.obj
[1002/1233] Building C object esp-idf/bt/CMakeFiles/__idf_bt.dir/host/nimble/nimble/nimble/host/src/ble_gattc_cache.c.obj
[1003/1233] Building C object esp-idf/bt/CMakeFiles/__idf_bt.dir/host/nimble/nimble/porting/npl/freertos/src/nimble_port_freertos.c.obj
[1004/1233] Building C object esp-idf/bt/CMakeFiles/__idf_bt.dir/host/nimble/nimble/nimble/host/src/ble_gattc_cache_conn.c.obj
[1005/1233] Building C object esp-idf/bt/CMakeFiles/__idf_bt.dir/host/nimble/nimble/nimble/host/src/ble_hs_adv.c.obj
[1006/1233] Building C object esp-idf/console/CMakeFiles/__idf_console.dir/split_argv.c.obj
[1007/1233] Building C object esp-idf/bt/CMakeFiles/__idf_bt.dir/host/nimble/nimble/porting/nimble/src/os_mempool.c.obj
[1008/1233] Building C object esp-idf/bt/CMakeFiles/__idf_bt.dir/host/nimble/nimble/porting/nimble/src/nimble_port.c.obj
[1009/1233] Building C object esp-idf/bt/CMakeFiles/__idf_bt.dir/host/nimble/nimble/porting/nimble/src/os_msys_init.c.obj
[1010/1233] Building C object esp-idf/bt/CMakeFiles/__idf_bt.dir/host/nimble/nimble/porting/nimble/src/mem.c.obj
[1011/1233] Building C object esp-idf/bt/CMakeFiles/__idf_bt.dir/host/nimble/nimble/nimble/host/store/config/src/ble_store_config.c.obj
[1012/1233] Building C object esp-idf/console/CMakeFiles/__idf_console.dir/esp_console_common.c.obj
[1013/1233] Building C object esp-idf/bt/CMakeFiles/__idf_bt.dir/common/btc/profile/esp/blufi/nimble_host/esp_blufi.c.obj
[1014/1233] Building C object esp-idf/bt/CMakeFiles/__idf_bt.dir/host/nimble/nimble/nimble/transport/esp_ipc_legacy/src/hci_esp_ipc_legacy.c.obj
[1015/1233] Building C object esp-idf/console/CMakeFiles/__idf_console.dir/commands.c.obj
[1016/1233] Building C object esp-idf/bt/CMakeFiles/__idf_bt.dir/host/nimble/esp-hci/src/esp_nimble_hci.c.obj
[1017/1233] Building C object esp-idf/console/CMakeFiles/__idf_console.dir/argtable3/arg_end.c.obj
[1018/1233] Building C object esp-idf/bt/CMakeFiles/__idf_bt.dir/host/nimble/nimble/nimble/host/src/ble_gatts.c.obj
[1019/1233] Building C object esp-idf/console/CMakeFiles/__idf_console.dir/esp_console_repl_chip.c.obj
[1020/1233] Building C object esp-idf/console/CMakeFiles/__idf_console.dir/argtable3/arg_dbl.c.obj
[1021/1233] Building C object esp-idf/console/CMakeFiles/__idf_console.dir/argtable3/arg_lit.c.obj
[1022/1233] Building C object esp-idf/console/CMakeFiles/__idf_console.dir/argtable3/arg_cmd.c.obj
[1023/1233] Building C object esp-idf/console/CMakeFiles/__idf_console.dir/argtable3/arg_file.c.obj
[1024/1233] Building C object esp-idf/console/CMakeFiles/__idf_console.dir/argtable3/arg_int.c.obj
[1025/1233] Building C object esp-idf/console/CMakeFiles/__idf_console.dir/argtable3/arg_rem.c.obj
[1026/1233] Building C object esp-idf/console/CMakeFiles/__idf_console.dir/argtable3/arg_dstr.c.obj
[1027/1233] Building C object esp-idf/console/CMakeFiles/__idf_console.dir/argtable3/arg_hashtable.c.obj
[1028/1233] Building C object esp-idf/console/CMakeFiles/__idf_console.dir/argtable3/arg_str.c.obj
[1029/1233] Building C object esp-idf/bt/CMakeFiles/__idf_bt.dir/host/nimble/nimble/porting/npl/freertos/src/npl_os_freertos.c.obj
[1030/1233] Building C object esp-idf/console/CMakeFiles/__idf_console.dir/argtable3/arg_date.c.obj
[1031/1233] Building C object esp-idf/console/CMakeFiles/__idf_console.dir/argtable3/arg_utils.c.obj
[1032/1233] Building C object esp-idf/bt/CMakeFiles/__idf_bt.dir/host/nimble/nimble/porting/nimble/src/os_mbuf.c.obj
[1033/1233] Building C object esp-idf/unity/CMakeFiles/__idf_unity.dir/unity_compat.c.obj
[1034/1233] Building C object esp-idf/console/CMakeFiles/__idf_console.dir/linenoise/linenoise.c.obj
[1035/1233] Building C object esp-idf/nanopb_idf/CMakeFiles/__idf_nanopb_idf.dir/home/pncosta/domes/.worktrees/qemu-feasibility/firmware/third_party/nanopb/pb_common.c.obj
[1036/1233] Building C object esp-idf/esp_eth/CMakeFiles/__idf_esp_eth.dir/src/esp_eth_netif_glue.c.obj
[1037/1233] Building C object esp-idf/unity/CMakeFiles/__idf_unity.dir/unity_utils_cache.c.obj
[1038/1233] Building C object esp-idf/unity/CMakeFiles/__idf_unity.dir/port/esp/unity_utils_memory_esp.c.obj
[1039/1233] Building C object esp-idf/unity/CMakeFiles/__idf_unity.dir/unity_runner.c.obj
[1040/1233] Building C object esp-idf/nanopb_idf/CMakeFiles/__idf_nanopb_idf.dir/home/pncosta/domes/.worktrees/qemu-feasibility/firmware/third_party/nanopb/pb_encode.c.obj
[1041/1233] Building C object esp-idf/unity/CMakeFiles/__idf_unity.dir/unity_utils_memory.c.obj
[1042/1233] Building C object esp-idf/unity/CMakeFiles/__idf_unity.dir/unity_port_esp32.c.obj
[1043/1233] Building C object esp-idf/console/CMakeFiles/__idf_console.dir/argtable3/arg_rex.c.obj
[1044/1233] Building C object esp-idf/unity/CMakeFiles/__idf_unity.dir/unity_utils_freertos.c.obj
[1045/1233] Building C object esp-idf/protocomm/CMakeFiles/__idf_protocomm.dir/proto-c/constants.pb-c.c.obj
[1046/1233] Building C object esp-idf/bt/CMakeFiles/__idf_bt.dir/host/nimble/nimble/nimble/host/src/ble_gap.c.obj
[1047/1233] Building C object esp-idf/protocomm/CMakeFiles/__idf_protocomm.dir/proto-c/session.pb-c.c.obj
[1048/1233] Building C object esp-idf/protocomm/CMakeFiles/__idf_protocomm.dir/proto-c/sec0.pb-c.c.obj
[1049/1233] Building C object esp-idf/nanopb_idf/CMakeFiles/__idf_nanopb_idf.dir/home/pncosta/domes/.worktrees/qemu-feasibility/firmware/third_party/nanopb/pb_decode.c.obj
[1050/1233] Building C object esp-idf/console/CMakeFiles/__idf_console.dir/argtable3/argtable3.c.obj
[1051/1233] Building C object esp-idf/esp_eth/CMakeFiles/__idf_esp_eth.dir/src/esp_eth.c.obj
[1052/1233] Building C object esp-idf/protocomm/CMakeFiles/__idf_protocomm.dir/proto-c/sec2.pb-c.c.obj
[1053/1233] Building C object esp-idf/protocomm/CMakeFiles/__idf_protocomm.dir/proto-c/sec1.pb-c.c.obj
[1054/1233] Building C object esp-idf/protocomm/CMakeFiles/__idf_protocomm.dir/src/security/security0.c.obj
[1055/1233] Building C object esp-idf/protocomm/CMakeFiles/__idf_protocomm.dir/src/common/protocomm.c.obj
[1056/1233] Linking C static library esp-idf/console/libconsole.a
[1057/1233] Building C object esp-idf/esp_eth/CMakeFiles/__idf_esp_eth.dir/src/phy/esp_eth_phy_802_3.c.obj
[1058/1233] Building C object esp-idf/protocomm/CMakeFiles/__idf_protocomm.dir/src/transports/protocomm_console.c.obj
[1059/1233] Building C object esp-idf/esp_https_server/CMakeFiles/__idf_esp_https_server.dir/src/https_server.c.obj
[1060/1233] Linking C static library esp-idf/esp_eth/libesp_eth.a
[1061/1233] Building C object esp-idf/unity/CMakeFiles/__idf_unity.dir/unity/src/unity.c.obj
[1062/1233] Building CXX object esp-idf/wear_levelling/CMakeFiles/__idf_wear_levelling.dir/crc32.cpp.obj
[1063/1233] Building C object esp-idf/protocomm/CMakeFiles/__idf_protocomm.dir/src/crypto/srp6a/esp_srp_mpi.c.obj
[1064/1233] Building C object esp-idf/protocomm/CMakeFiles/__idf_protocomm.dir/src/transports/protocomm_httpd.c.obj
[1065/1233] Building CXX object esp-idf/wear_levelling/CMakeFiles/__idf_wear_levelling.dir/Partition.cpp.obj
[1066/1233] Building CXX object esp-idf/wear_levelling/CMakeFiles/__idf_wear_levelling.dir/SPI_Flash.cpp.obj
[1067/1233] Linking C static library esp-idf/bt/libbt.a
[1068/1233] Building CXX object esp-idf/wear_levelling/CMakeFiles/__idf_wear_levelling.dir/WL_Ext_Safe.cpp.obj
[1069/1233] Linking C static library esp-idf/nanopb_idf/libnanopb_idf.a
[1070/1233] Building C object esp-idf/protocomm/CMakeFiles/__idf_protocomm.dir/src/crypto/srp6a/esp_srp.c.obj
[1071/1233] Building CXX object esp-idf/wear_levelling/CMakeFiles/__idf_wear_levelling.dir/WL_Ext_Perf.cpp.obj
[1072/1233] Building C object esp-idf/protocomm/CMakeFiles/__idf_protocomm.dir/src/security/security1.c.obj
[1073/1233] Building C object esp-idf/protocomm/CMakeFiles/__idf_protocomm.dir/src/security/security2.c.obj
[1074/1233] Building C object esp-idf/espressif__led_strip/CMakeFiles/__idf_espressif__led_strip.dir/src/led_strip_api.c.obj
[1075/1233] Building CXX object esp-idf/wear_levelling/CMakeFiles/__idf_wear_levelling.dir/wear_levelling.cpp.obj
[1076/1233] Building C object esp-idf/common/CMakeFiles/__idf_common.dir/proto/config.pb.c.obj
[1077/1233] Building C object esp-idf/espressif__led_strip/CMakeFiles/__idf_espressif__led_strip.dir/src/led_strip_rmt_dev.c.obj
[1078/1233] Building C object esp-idf/common/CMakeFiles/__idf_common.dir/proto/trace.pb.c.obj
[1079/1233] Building C object esp-idf/espressif__led_strip/CMakeFiles/__idf_espressif__led_strip.dir/src/led_strip_rmt_encoder.c.obj
[1080/1233] Building C object esp-idf/espressif__mdns/CMakeFiles/__idf_espressif__mdns.dir/mdns_mem_caps.c.obj
[1081/1233] Building C object esp-idf/espressif__led_strip/CMakeFiles/__idf_espressif__led_strip.dir/src/led_strip_spi_dev.c.obj
[1082/1233] Linking C static library esp-idf/unity/libunity.a
[1083/1233] Building C object esp-idf/app_trace/CMakeFiles/__idf_app_trace.dir/app_trace_util.c.obj
[1084/1233] Building C object esp-idf/app_trace/CMakeFiles/__idf_app_trace.dir/host_file_io.c.obj
[1085/1233] Building C object esp-idf/json/CMakeFiles/__idf_json.dir/cJSON/cJSON_Utils.c.obj
[1086/1233] Building C object esp-idf/espressif__mdns/CMakeFiles/__idf_espressif__mdns.dir/mdns_networking_lwip.c.obj
[1087/1233] Building C object esp-idf/cmock/CMakeFiles/__idf_cmock.dir/CMock/src/cmock.c.obj
[1088/1233] Building C object esp-idf/protobuf-c/CMakeFiles/__idf_protobuf-c.dir/protobuf-c/protobuf-c/protobuf-c.c.obj
[1089/1233] Building C object esp-idf/app_trace/CMakeFiles/__idf_app_trace.dir/port/port_uart.c.obj
[1090/1233] Building C object esp-idf/protocomm/CMakeFiles/__idf_protocomm.dir/src/transports/protocomm_nimble.c.obj
[1091/1233] Building C object esp-idf/app_trace/CMakeFiles/__idf_app_trace.dir/app_trace.c.obj
[1092/1233] Linking C static library esp-idf/protobuf-c/libprotobuf-c.a
[1093/1233] Building C object esp-idf/esp_driver_cam/CMakeFiles/__idf_esp_driver_cam.dir/esp_cam_ctlr.c.obj
[1094/1233] Linking C static library esp-idf/esp_https_server/libesp_https_server.a
[1095/1233] Building C object esp-idf/esp_driver_cam/CMakeFiles/__idf_esp_driver_cam.dir/dvp_share_ctrl.c.obj
[1096/1233] Building C object esp-idf/esp_driver_cam/CMakeFiles/__idf_esp_driver_cam.dir/dvp/src/esp_cam_ctlr_dvp_gdma.c.obj
[1097/1233] Building CXX object esp-idf/wear_levelling/CMakeFiles/__idf_wear_levelling.dir/WL_Flash.cpp.obj
[1098/1233] Building CXX object esp-idf/common/CMakeFiles/__idf_common.dir/protocol/otaProtocol.cpp.obj
[1099/1233] Building C object esp-idf/esp_hid/CMakeFiles/__idf_esp_hid.dir/src/nimble_hidd.c.obj
[1100/1233] Building C object esp-idf/esp_lcd/CMakeFiles/__idf_esp_lcd.dir/src/esp_lcd_common.c.obj
[1101/1233] Building C object esp-idf/esp_lcd/CMakeFiles/__idf_esp_lcd.dir/src/esp_lcd_panel_io.c.obj
[1102/1233] Building C object esp-idf/esp_hid/CMakeFiles/__idf_esp_hid.dir/src/esp_hid_common.c.obj
[1103/1233] Building C object esp-idf/esp_hid/CMakeFiles/__idf_esp_hid.dir/src/esp_hidd.c.obj
[1104/1233] Building C object esp-idf/esp_hid/CMakeFiles/__idf_esp_hid.dir/src/nimble_hidh.c.obj
[1105/1233] Building C object esp-idf/esp_lcd/CMakeFiles/__idf_esp_lcd.dir/src/esp_lcd_panel_ops.c.obj
[1106/1233] Building C object esp-idf/esp_lcd/CMakeFiles/__idf_esp_lcd.dir/src/esp_lcd_panel_ssd1306.c.obj
[1107/1233] Building C object esp-idf/esp_lcd/CMakeFiles/__idf_esp_lcd.dir/src/esp_lcd_panel_st7789.c.obj
[1108/1233] Linking C static library esp-idf/protocomm/libprotocomm.a
[1109/1233] Building C object esp-idf/esp_hid/CMakeFiles/__idf_esp_hid.dir/src/esp_hidh.c.obj
[1110/1233] Building C object esp-idf/esp_lcd/CMakeFiles/__idf_esp_lcd.dir/src/esp_lcd_panel_nt35510.c.obj
[1111/1233] Building C object esp-idf/esp_lcd/CMakeFiles/__idf_esp_lcd.dir/i2c/esp_lcd_panel_io_i2c_v1.c.obj
[1112/1233] Linking C static library esp-idf/wear_levelling/libwear_levelling.a
[1113/1233] Building C object esp-idf/esp_lcd/CMakeFiles/__idf_esp_lcd.dir/i2c/esp_lcd_panel_io_i2c_v2.c.obj
[1114/1233] Building C object esp-idf/json/CMakeFiles/__idf_json.dir/cJSON/cJSON.c.obj
[1115/1233] Building C object esp-idf/esp_driver_cam/CMakeFiles/__idf_esp_driver_cam.dir/dvp/src/esp_cam_ctlr_dvp_cam.c.obj
[1116/1233] Building C object esp-idf/esp_local_ctrl/CMakeFiles/__idf_esp_local_ctrl.dir/src/esp_local_ctrl_handler.c.obj
[1117/1233] Building C object esp-idf/esp_local_ctrl/CMakeFiles/__idf_esp_local_ctrl.dir/proto-c/esp_local_ctrl.pb-c.c.obj
[1118/1233] Building C object esp-idf/esp_local_ctrl/CMakeFiles/__idf_esp_local_ctrl.dir/src/esp_local_ctrl_transport_httpd.c.obj
[1119/1233] Building C object esp-idf/esp_local_ctrl/CMakeFiles/__idf_esp_local_ctrl.dir/src/esp_local_ctrl_transport_ble.c.obj
[1120/1233] Building C object esp-idf/fatfs/CMakeFiles/__idf_fatfs.dir/diskio/diskio_wl.c.obj
[1121/1233] Building C object esp-idf/fatfs/CMakeFiles/__idf_fatfs.dir/port/freertos/ffsystem.c.obj
[1122/1233] Building C object esp-idf/fatfs/CMakeFiles/__idf_fatfs.dir/diskio/diskio_rawflash.c.obj
[1123/1233] Building C object esp-idf/fatfs/CMakeFiles/__idf_fatfs.dir/diskio/diskio.c.obj
[1124/1233] Building C object esp-idf/esp_lcd/CMakeFiles/__idf_esp_lcd.dir/spi/esp_lcd_panel_io_spi.c.obj
[1125/1233] Building C object esp-idf/espressif__mdns/CMakeFiles/__idf_espressif__mdns.dir/mdns_console.c.obj
[1126/1233] Linking C static library esp-idf/json/libjson.a
[1127/1233] Building C object esp-idf/esp_local_ctrl/CMakeFiles/__idf_esp_local_ctrl.dir/src/esp_local_ctrl.c.obj
[1128/1233] Building C object esp-idf/fatfs/CMakeFiles/__idf_fatfs.dir/src/ffunicode.c.obj
[1129/1233] Building C object esp-idf/perfmon/CMakeFiles/__idf_perfmon.dir/xtensa_perfmon_apis.c.obj
[1130/1233] Building C object esp-idf/fatfs/CMakeFiles/__idf_fatfs.dir/diskio/diskio_sdmmc.c.obj
[1131/1233] Building C object esp-idf/perfmon/CMakeFiles/__idf_perfmon.dir/xtensa_perfmon_masks.c.obj
[1132/1233] Building C object esp-idf/perfmon/CMakeFiles/__idf_perfmon.dir/xtensa_perfmon_access.c.obj
[1133/1233] Building C object esp-idf/nvs_sec_provider/CMakeFiles/__idf_nvs_sec_provider.dir/nvs_sec_provider.c.obj
[1134/1233] Building C object esp-idf/mqtt/CMakeFiles/__idf_mqtt.dir/esp-mqtt/lib/platform_esp32_idf.c.obj
[1135/1233] Building C object esp-idf/esp_lcd/CMakeFiles/__idf_esp_lcd.dir/i80/esp_lcd_panel_io_i80.c.obj
[1136/1233] Building C object esp-idf/mqtt/CMakeFiles/__idf_mqtt.dir/esp-mqtt/lib/mqtt_outbox.c.obj
[1137/1233] Building C object esp-idf/fatfs/CMakeFiles/__idf_fatfs.dir/vfs/vfs_fat_spiflash.c.obj
[1138/1233] Building C object esp-idf/rt/CMakeFiles/__idf_rt.dir/FreeRTOS_POSIX_utils.c.obj
[1139/1233] Building C object esp-idf/mqtt/CMakeFiles/__idf_mqtt.dir/esp-mqtt/lib/mqtt_msg.c.obj
[1140/1233] Building C object esp-idf/fatfs/CMakeFiles/__idf_fatfs.dir/vfs/vfs_fat_sdmmc.c.obj
[1141/1233] Building C object esp-idf/spiffs/CMakeFiles/__idf_spiffs.dir/spiffs_api.c.obj
[1142/1233] Building C object esp-idf/spiffs/CMakeFiles/__idf_spiffs.dir/spiffs/src/spiffs_cache.c.obj
[1143/1233] Building C object esp-idf/rt/CMakeFiles/__idf_rt.dir/FreeRTOS_POSIX_mqueue.c.obj
[1144/1233] Building C object esp-idf/spiffs/CMakeFiles/__idf_spiffs.dir/spiffs/src/spiffs_gc.c.obj
[1145/1233] Building C object esp-idf/fatfs/CMakeFiles/__idf_fatfs.dir/vfs/vfs_fat.c.obj
[1146/1233] Building C object esp-idf/touch_element/CMakeFiles/__idf_touch_element.dir/touch_button.c.obj
[1147/1233] Building C object esp-idf/esp_lcd/CMakeFiles/__idf_esp_lcd.dir/rgb/esp_lcd_panel_rgb.c.obj
[1148/1233] Building C object esp-idf/spiffs/CMakeFiles/__idf_spiffs.dir/spiffs/src/spiffs_check.c.obj
[1149/1233] Building C object esp-idf/usb/CMakeFiles/__idf_usb.dir/usb_helpers.c.obj
[1150/1233] Building C object esp-idf/touch_element/CMakeFiles/__idf_touch_element.dir/touch_matrix.c.obj
[1151/1233] Building C object esp-idf/touch_element/CMakeFiles/__idf_touch_element.dir/touch_slider.c.obj
[1152/1233] Building C object esp-idf/usb/CMakeFiles/__idf_usb.dir/usb_private.c.obj
[1153/1233] Building C object esp-idf/usb/CMakeFiles/__idf_usb.dir/hub.c.obj
[1154/1233] Building C object esp-idf/usb/CMakeFiles/__idf_usb.dir/enum.c.obj
[1155/1233] Building C object esp-idf/wifi_provisioning/CMakeFiles/__idf_wifi_provisioning.dir/src/wifi_ctrl.c.obj
[1156/1233] Building C object esp-idf/touch_element/CMakeFiles/__idf_touch_element.dir/touch_element.c.obj
[1157/1233] Building C object esp-idf/wifi_provisioning/CMakeFiles/__idf_wifi_provisioning.dir/src/wifi_config.c.obj
[1158/1233] Building C object esp-idf/fatfs/CMakeFiles/__idf_fatfs.dir/src/ff.c.obj
[1159/1233] Building C object esp-idf/spiffs/CMakeFiles/__idf_spiffs.dir/spiffs/src/spiffs_hydrogen.c.obj
[1160/1233] Building C object esp-idf/spiffs/CMakeFiles/__idf_spiffs.dir/esp_spiffs.c.obj
[1161/1233] Building C object esp-idf/wifi_provisioning/CMakeFiles/__idf_wifi_provisioning.dir/src/wifi_scan.c.obj
[1162/1233] Building C object esp-idf/wifi_provisioning/CMakeFiles/__idf_wifi_provisioning.dir/src/handlers.c.obj
[1163/1233] Building C object esp-idf/wifi_provisioning/CMakeFiles/__idf_wifi_provisioning.dir/src/scheme_console.c.obj
[1164/1233] Building C object esp-idf/wifi_provisioning/CMakeFiles/__idf_wifi_provisioning.dir/proto-c/wifi_constants.pb-c.c.obj
[1165/1233] Linking C static library esp-idf/espressif__led_strip/libespressif__led_strip.a
[1166/1233] Building C object esp-idf/wifi_provisioning/CMakeFiles/__idf_wifi_provisioning.dir/proto-c/wifi_ctrl.pb-c.c.obj
[1167/1233] Building C object esp-idf/usb/CMakeFiles/__idf_usb.dir/usb_phy.c.obj
[1168/1233] Linking C static library esp-idf/common/libcommon.a
[1169/1233] Building C object esp-idf/mqtt/CMakeFiles/__idf_mqtt.dir/esp-mqtt/mqtt_client.c.obj
[1170/1233] Building C object esp-idf/wifi_provisioning/CMakeFiles/__idf_wifi_provisioning.dir/proto-c/wifi_scan.pb-c.c.obj
[1171/1233] Building C object esp-idf/wifi_provisioning/CMakeFiles/__idf_wifi_provisioning.dir/proto-c/wifi_config.pb-c.c.obj
[1172/1233] Building C object esp-idf/wifi_provisioning/CMakeFiles/__idf_wifi_provisioning.dir/src/scheme_softap.c.obj
[1173/1233] Building C object esp-idf/usb/CMakeFiles/__idf_usb.dir/usb_host.c.obj
[1174/1233] Building C object esp-idf/spiffs/CMakeFiles/__idf_spiffs.dir/spiffs/src/spiffs_nucleus.c.obj
[1175/1233] Building C object esp-idf/usb/CMakeFiles/__idf_usb.dir/usbh.c.obj
[1176/1233] Building C object esp-idf/wifi_provisioning/CMakeFiles/__idf_wifi_provisioning.dir/src/scheme_ble.c.obj
[1177/1233] Building C object esp-idf/usb/CMakeFiles/__idf_usb.dir/hcd_dwc.c.obj
[1178/1233] Building CXX object esp-idf/main/CMakeFiles/__idf_main.dir/infra/watchdog.cpp.obj
[1179/1233] Building CXX object esp-idf/main/CMakeFiles/__idf_main.dir/services/firmwareVersion.cpp.obj
[1180/1233] Building CXX object esp-idf/main/CMakeFiles/__idf_main.dir/infra/nvsConfig.cpp.obj
[1181/1233] Building C object esp-idf/wifi_provisioning/CMakeFiles/__idf_wifi_provisioning.dir/src/manager.c.obj
[1182/1233] Building CXX object esp-idf/main/CMakeFiles/__idf_main.dir/infra/crashDumpHandler.cpp.obj
[1183/1233] Building CXX object esp-idf/main/CMakeFiles/__idf_main.dir/infra/taskManager.cpp.obj
[1184/1233] Building CXX object esp-idf/main/CMakeFiles/__idf_main.dir/services/releaseMetadata.cpp.obj
[1185/1233] Building CXX object esp-idf/main/CMakeFiles/__idf_main.dir/services/githubClient.cpp.obj
[1186/1233] Building C object esp-idf/espressif__mdns/CMakeFiles/__idf_espressif__mdns.dir/mdns.c.obj
[1187/1233] Linking C static library esp-idf/espressif__mdns/libespressif__mdns.a
[1188/1233] Building CXX object esp-idf/main/CMakeFiles/__idf_main.dir/services/wifiManager.cpp.obj
[1189/1233] Building CXX object esp-idf/main/CMakeFiles/__idf_main.dir/trace/traceBuffer.cpp.obj
[1190/1233] Performing configure step for 'bootloader'
-- Found Git: /usr/bin/git (found version "2.53.0") 
-- The C compiler identification is GNU 14.2.0
-- The CXX compiler identification is GNU 14.2.0
-- The ASM compiler identification is GNU
-- Found assembler: /home/pncosta/.espressif/tools/xtensa-esp-elf/esp-14.2.0_20260121/xtensa-esp-elf/bin/xtensa-esp32s3-elf-gcc
-- Detecting C compiler ABI info
-- Detecting C compiler ABI info - done
-- Check for working C compiler: /home/pncosta/.espressif/tools/xtensa-esp-elf/esp-14.2.0_20260121/xtensa-esp-elf/bin/xtensa-esp32s3-elf-gcc - skipped
-- Detecting C compile features
-- Detecting C compile features - done
-- Detecting CXX compiler ABI info
-- Detecting CXX compiler ABI info - done
-- Check for working CXX compiler: /home/pncosta/.espressif/tools/xtensa-esp-elf/esp-14.2.0_20260121/xtensa-esp-elf/bin/xtensa-esp32s3-elf-g++ - skipped
-- Detecting CXX compile features
-- Detecting CXX compile features - done
-- Building ESP-IDF components for target esp32s3
-- Project sdkconfig file /tmp/tmp.mPyyQwp3UA/sdkconfig
-- Compiler supported targets: xtensa-esp-elf
-- Adding linker script /home/pncosta/esp/esp-idf/components/soc/esp32s3/ld/esp32s3.peripherals.ld
-- Bootloader project name: "bootloader" version: 1
-- Adding linker script /home/pncosta/esp/esp-idf/components/esp_rom/esp32s3/ld/esp32s3.rom.ld
-- Adding linker script /home/pncosta/esp/esp-idf/components/esp_rom/esp32s3/ld/esp32s3.rom.api.ld
-- Adding linker script /home/pncosta/esp/esp-idf/components/esp_rom/esp32s3/ld/esp32s3.rom.bt_funcs.ld
-- Adding linker script /home/pncosta/esp/esp-idf/components/esp_rom/esp32s3/ld/esp32s3.rom.libgcc.ld
-- Adding linker script /home/pncosta/esp/esp-idf/components/esp_rom/esp32s3/ld/esp32s3.rom.wdt.ld
-- Adding linker script /home/pncosta/esp/esp-idf/components/esp_rom/esp32s3/ld/esp32s3.rom.version.ld
-- Adding linker script /home/pncosta/esp/esp-idf/components/esp_rom/esp32s3/ld/esp32s3.rom.newlib.ld
-- Adding linker script /home/pncosta/esp/esp-idf/components/esp_rom/esp32s3/ld/esp32s3.rom.newlib.ld
-- Adding linker script /home/pncosta/esp/esp-idf/components/bootloader/subproject/main/ld/esp32s3/bootloader.ld
-- Adding linker script /home/pncosta/esp/esp-idf/components/bootloader/subproject/main/ld/esp32s3/bootloader.rom.ld
-- Components: bootloader bootloader_support efuse esp_app_format esp_bootloader_format esp_common esp_hw_support esp_rom esp_security esp_system esptool_py freertos hal log main micro-ecc newlib partition_table soc spi_flash xtensa
-- Component paths: /home/pncosta/esp/esp-idf/components/bootloader /home/pncosta/esp/esp-idf/components/bootloader_support /home/pncosta/esp/esp-idf/components/efuse /home/pncosta/esp/esp-idf/components/esp_app_format /home/pncosta/esp/esp-idf/components/esp_bootloader_format /home/pncosta/esp/esp-idf/components/esp_common /home/pncosta/esp/esp-idf/components/esp_hw_support /home/pncosta/esp/esp-idf/components/esp_rom /home/pncosta/esp/esp-idf/components/esp_security /home/pncosta/esp/esp-idf/components/esp_system /home/pncosta/esp/esp-idf/components/esptool_py /home/pncosta/esp/esp-idf/components/freertos /home/pncosta/esp/esp-idf/components/hal /home/pncosta/esp/esp-idf/components/log /home/pncosta/esp/esp-idf/components/bootloader/subproject/main /home/pncosta/esp/esp-idf/components/bootloader/subproject/components/micro-ecc /home/pncosta/esp/esp-idf/components/newlib /home/pncosta/esp/esp-idf/components/partition_table /home/pncosta/esp/esp-idf/components/soc /home/pncosta/esp/esp-idf/components/spi_flash /home/pncosta/esp/esp-idf/components/xtensa
-- Configuring done
-- Generating done
-- Build files have been written to: /tmp/tmp.mPyyQwp3UA/idf-build/bootloader
[1191/1233] Building CXX object esp-idf/main/CMakeFiles/__idf_main.dir/trace/traceDumpSnapshot.cpp.obj
[1192/1233] Building CXX object esp-idf/main/CMakeFiles/__idf_main.dir/services/otaManager.cpp.obj
[1193/1233] Linking C static library esp-idf/app_trace/libapp_trace.a
[1194/1233] Linking C static library esp-idf/cmock/libcmock.a
[1195/1233] Linking C static library esp-idf/esp_driver_cam/libesp_driver_cam.a
[1196/1233] Linking C static library esp-idf/esp_hid/libesp_hid.a
[1197/1233] Linking C static library esp-idf/esp_lcd/libesp_lcd.a
[1198/1233] Linking C static library esp-idf/esp_local_ctrl/libesp_local_ctrl.a
[1199/1233] Linking C static library esp-idf/fatfs/libfatfs.a
[1200/1233] Building CXX object esp-idf/main/CMakeFiles/__idf_main.dir/config/modeManager.cpp.obj
[1201/1233] Building CXX object esp-idf/main/CMakeFiles/__idf_main.dir/config/featureManager.cpp.obj
[1202/1233] Linking C static library esp-idf/mqtt/libmqtt.a
[1203/1233] Linking C static library esp-idf/perfmon/libperfmon.a
[1204/1233] Linking C static library esp-idf/nvs_sec_provider/libnvs_sec_provider.a
[1205/1233] Linking C static library esp-idf/rt/librt.a
[1206/1233] Linking C static library esp-idf/usb/libusb.a
[1207/1233] Linking C static library esp-idf/spiffs/libspiffs.a
[1208/1233] Linking C static library esp-idf/touch_element/libtouch_element.a
[1209/1233] Linking C static library esp-idf/wifi_provisioning/libwifi_provisioning.a
[1210/1233] Building CXX object esp-idf/main/CMakeFiles/__idf_main.dir/infra/memoryProfiler.cpp.obj
[1211/1233] Building CXX object esp-idf/main/CMakeFiles/__idf_main.dir/transport/uartTransport.cpp.obj
[1212/1233] Building CXX object esp-idf/main/CMakeFiles/__idf_main.dir/infra/diagnostics.cpp.obj
[1213/1233] Building CXX object esp-idf/main/CMakeFiles/__idf_main.dir/transport/tcpTransport.cpp.obj
[1214/1233] Building CXX object esp-idf/main/CMakeFiles/__idf_main.dir/transport/espNowTransport.cpp.obj
[1215/1233] Building CXX object esp-idf/main/CMakeFiles/__idf_main.dir/transport/bleOtaService.cpp.obj
[1216/1233] Building CXX object esp-idf/main/CMakeFiles/__idf_main.dir/transport/serialOtaReceiver.cpp.obj
[1217/1233] Building CXX object esp-idf/main/CMakeFiles/__idf_main.dir/trace/traceCommandHandler.cpp.obj
[1218/1233] Building CXX object esp-idf/main/CMakeFiles/__idf_main.dir/transport/tcpConfigServer.cpp.obj
[1219/1233] Building CXX object esp-idf/main/CMakeFiles/__idf_main.dir/trace/traceRecorder.cpp.obj
[1220/1233] Building CXX object esp-idf/main/CMakeFiles/__idf_main.dir/trace/traceStreamServer.cpp.obj
[1221/1233] Building CXX object esp-idf/main/CMakeFiles/__idf_main.dir/game/gameEngine.cpp.obj
[1222/1233] Performing build step for 'bootloader'
[1/116] Building C object esp-idf/esp_rom/CMakeFiles/__idf_esp_rom.dir/patches/esp_rom_crc.c.obj
[2/116] Building ASM object esp-idf/esp_rom/CMakeFiles/__idf_esp_rom.dir/patches/esp_rom_longjmp.S.obj
[3/116] Building ASM object esp-idf/esp_rom/CMakeFiles/__idf_esp_rom.dir/patches/esp_rom_cache_writeback_esp32s3.S.obj
[4/116] Building C object esp-idf/log/CMakeFiles/__idf_log.dir/src/log_timestamp_common.c.obj
[5/116] Building C object esp-idf/log/CMakeFiles/__idf_log.dir/src/noos/log_lock.c.obj
[6/116] Building C object esp-idf/esp_rom/CMakeFiles/__idf_esp_rom.dir/patches/esp_rom_efuse.c.obj
[7/116] Building C object esp-idf/esp_rom/CMakeFiles/__idf_esp_rom.dir/patches/esp_rom_gpio.c.obj
[8/116] Building C object esp-idf/esp_rom/CMakeFiles/__idf_esp_rom.dir/patches/esp_rom_wdt.c.obj
[9/116] Building C object esp-idf/esp_rom/CMakeFiles/__idf_esp_rom.dir/patches/esp_rom_systimer.c.obj
[10/116] Building C object esp-idf/log/CMakeFiles/__idf_log.dir/src/noos/log_timestamp.c.obj
[11/116] Building C object esp-idf/esp_rom/CMakeFiles/__idf_esp_rom.dir/patches/esp_rom_uart.c.obj
[12/116] Building C object esp-idf/esp_rom/CMakeFiles/__idf_esp_rom.dir/patches/esp_rom_spiflash.c.obj
[13/116] Building C object esp-idf/esp_hw_support/CMakeFiles/__idf_esp_hw_support.dir/port/esp32s3/cpu_region_protect.c.obj
[14/116] Building C object esp-idf/esp_common/CMakeFiles/__idf_esp_common.dir/src/esp_err_to_name.c.obj
[15/116] Building C object esp-idf/esp_hw_support/CMakeFiles/__idf_esp_hw_support.dir/esp_memory_utils.c.obj
[16/116] Linking C static library esp-idf/log/liblog.a
[17/116] Building C object esp-idf/esp_rom/CMakeFiles/__idf_esp_rom.dir/patches/esp_rom_sys.c.obj
[18/116] Building C object esp-idf/esp_hw_support/CMakeFiles/__idf_esp_hw_support.dir/port/esp32s3/esp_cpu_intr.c.obj
[19/116] Building C object esp-idf/esp_rom/CMakeFiles/__idf_esp_rom.dir/patches/esp_rom_cache_esp32s2_esp32s3.c.obj
[20/116] Building C object esp-idf/esp_hw_support/CMakeFiles/__idf_esp_hw_support.dir/cpu.c.obj
[21/116] Building C object esp-idf/esp_hw_support/CMakeFiles/__idf_esp_hw_support.dir/port/esp32s3/chip_info.c.obj
[22/116] Building C object esp-idf/efuse/CMakeFiles/__idf_efuse.dir/esp32s3/esp_efuse_fields.c.obj
[23/116] Building C object esp-idf/esp_system/CMakeFiles/__idf_esp_system.dir/esp_err.c.obj
[24/116] Building C object esp-idf/efuse/CMakeFiles/__idf_efuse.dir/esp32s3/esp_efuse_table.c.obj
[25/116] Building C object esp-idf/esp_hw_support/CMakeFiles/__idf_esp_hw_support.dir/port/esp32s3/rtc_clk_init.c.obj
[26/116] Building C object esp-idf/bootloader_support/CMakeFiles/__idf_bootloader_support.dir/src/bootloader_mem.c.obj
[27/116] Building C object esp-idf/esp_hw_support/CMakeFiles/__idf_esp_hw_support.dir/port/esp32s3/rtc_time.c.obj
[28/116] Building C object esp-idf/efuse/CMakeFiles/__idf_efuse.dir/src/esp_efuse_fields.c.obj
[29/116] Building C object esp-idf/efuse/CMakeFiles/__idf_efuse.dir/esp32s3/esp_efuse_rtc_calib.c.obj
[30/116] Building C object esp-idf/bootloader_support/CMakeFiles/__idf_bootloader_support.dir/src/bootloader_random.c.obj
[31/116] Building C object esp-idf/esp_rom/CMakeFiles/__idf_esp_rom.dir/patches/esp_rom_print.c.obj
[32/116] Building C object esp-idf/esp_hw_support/CMakeFiles/__idf_esp_hw_support.dir/port/esp32s3/rtc_sleep.c.obj
[33/116] Building C object esp-idf/bootloader_support/CMakeFiles/__idf_bootloader_support.dir/src/bootloader_clock_init.c.obj
[34/116] Building C object esp-idf/bootloader_support/CMakeFiles/__idf_bootloader_support.dir/src/bootloader_efuse.c.obj
[35/116] Building C object esp-idf/bootloader_support/CMakeFiles/__idf_bootloader_support.dir/src/secure_boot.c.obj
[36/116] Building C object esp-idf/efuse/CMakeFiles/__idf_efuse.dir/esp32s3/esp_efuse_utility.c.obj
[37/116] Linking C static library esp-idf/esp_rom/libesp_rom.a
[38/116] Building C object esp-idf/bootloader_support/CMakeFiles/__idf_bootloader_support.dir/src/bootloader_random_esp32s3.c.obj
[39/116] Linking C static library esp-idf/esp_common/libesp_common.a
[40/116] Building C object esp-idf/efuse/CMakeFiles/__idf_efuse.dir/src/esp_efuse_api.c.obj
[41/116] Building C object esp-idf/bootloader_support/CMakeFiles/__idf_bootloader_support.dir/src/bootloader_common.c.obj
[42/116] Building C object esp-idf/bootloader_support/CMakeFiles/__idf_bootloader_support.dir/src/bootloader_common_loader.c.obj
[43/116] Building C object esp-idf/bootloader_support/CMakeFiles/__idf_bootloader_support.dir/src/bootloader_clock_loader.c.obj
[44/116] Building C object esp-idf/bootloader_support/CMakeFiles/__idf_bootloader_support.dir/src/flash_encrypt.c.obj
[45/116] Building C object esp-idf/bootloader_support/CMakeFiles/__idf_bootloader_support.dir/src/flash_partitions.c.obj
[46/116] Building C object esp-idf/efuse/CMakeFiles/__idf_efuse.dir/src/esp_efuse_utility.c.obj
[47/116] Building C object esp-idf/esp_hw_support/CMakeFiles/__idf_esp_hw_support.dir/port/esp32s3/rtc_init.c.obj
[48/116] Building C object esp-idf/bootloader_support/CMakeFiles/__idf_bootloader_support.dir/src/bootloader_console_loader.c.obj
[49/116] Building C object esp-idf/efuse/CMakeFiles/__idf_efuse.dir/src/efuse_controller/keys/with_key_purposes/esp_efuse_api_key.c.obj
[50/116] Building C object esp-idf/bootloader_support/CMakeFiles/__idf_bootloader_support.dir/src/esp32s3/bootloader_sha.c.obj
[51/116] Building C object esp-idf/bootloader_support/CMakeFiles/__idf_bootloader_support.dir/bootloader_flash/src/flash_qio_mode.c.obj
[52/116] Building C object esp-idf/bootloader_support/CMakeFiles/__idf_bootloader_support.dir/bootloader_flash/src/bootloader_flash_config_esp32s3.c.obj
[53/116] Building C object esp-idf/bootloader_support/CMakeFiles/__idf_bootloader_support.dir/src/bootloader_panic.c.obj
[54/116] Building C object esp-idf/bootloader_support/CMakeFiles/__idf_bootloader_support.dir/src/esp32s3/bootloader_soc.c.obj
[55/116] Building C object esp-idf/esp_bootloader_format/CMakeFiles/__idf_esp_bootloader_format.dir/esp_bootloader_desc.c.obj
[56/116] Building C object esp-idf/bootloader_support/CMakeFiles/__idf_bootloader_support.dir/src/bootloader_console.c.obj
[57/116] Building C object esp-idf/hal/CMakeFiles/__idf_hal.dir/mpu_hal.c.obj
[58/116] Building C object esp-idf/esp_hw_support/CMakeFiles/__idf_esp_hw_support.dir/port/esp32s3/rtc_clk.c.obj
[59/116] Building C object esp-idf/soc/CMakeFiles/__idf_soc.dir/esp32s3/interrupts.c.obj
[60/116] Building C object esp-idf/spi_flash/CMakeFiles/__idf_spi_flash.dir/spi_flash_wrap.c.obj
[61/116] Building C object esp-idf/soc/CMakeFiles/__idf_soc.dir/dport_access_common.c.obj
[62/116] Building C object esp-idf/soc/CMakeFiles/__idf_soc.dir/lldesc.c.obj
[63/116] Building C object esp-idf/hal/CMakeFiles/__idf_hal.dir/efuse_hal.c.obj
[64/116] Building C object esp-idf/hal/CMakeFiles/__idf_hal.dir/esp32s3/efuse_hal.c.obj
[65/116] Building C object esp-idf/soc/CMakeFiles/__idf_soc.dir/esp32s3/gpio_periph.c.obj
[66/116] Building C object esp-idf/soc/CMakeFiles/__idf_soc.dir/esp32s3/uart_periph.c.obj
[67/116] Linking C static library esp-idf/esp_hw_support/libesp_hw_support.a
[68/116] Building C object esp-idf/soc/CMakeFiles/__idf_soc.dir/esp32s3/gdma_periph.c.obj
[69/116] Building C object esp-idf/hal/CMakeFiles/__idf_hal.dir/hal_utils.c.obj
[70/116] Building C object esp-idf/soc/CMakeFiles/__idf_soc.dir/esp32s3/adc_periph.c.obj
[71/116] Building C object esp-idf/bootloader_support/CMakeFiles/__idf_bootloader_support.dir/bootloader_flash/src/bootloader_flash.c.obj
[72/116] Building C object esp-idf/soc/CMakeFiles/__idf_soc.dir/esp32s3/dedic_gpio_periph.c.obj
[73/116] Building C object esp-idf/bootloader_support/CMakeFiles/__idf_bootloader_support.dir/src/bootloader_init.c.obj
[74/116] Linking C static library esp-idf/esp_system/libesp_system.a
[75/116] Building C object esp-idf/soc/CMakeFiles/__idf_soc.dir/esp32s3/ledc_periph.c.obj
[76/116] Building C object esp-idf/soc/CMakeFiles/__idf_soc.dir/esp32s3/sdm_periph.c.obj
[77/116] Building C object esp-idf/soc/CMakeFiles/__idf_soc.dir/esp32s3/pcnt_periph.c.obj
[78/116] Building C object esp-idf/soc/CMakeFiles/__idf_soc.dir/esp32s3/spi_periph.c.obj
[79/116] Building C object esp-idf/bootloader_support/CMakeFiles/__idf_bootloader_support.dir/src/bootloader_utility.c.obj
[80/116] Building C object esp-idf/soc/CMakeFiles/__idf_soc.dir/esp32s3/rmt_periph.c.obj
[81/116] Building C object esp-idf/soc/CMakeFiles/__idf_soc.dir/esp32s3/temperature_sensor_periph.c.obj
[82/116] Building C object esp-idf/bootloader_support/CMakeFiles/__idf_bootloader_support.dir/src/esp32s3/bootloader_esp32s3.c.obj
[83/116] Building C object esp-idf/soc/CMakeFiles/__idf_soc.dir/esp32s3/i2s_periph.c.obj
[84/116] Building C object esp-idf/soc/CMakeFiles/__idf_soc.dir/esp32s3/i2c_periph.c.obj
[85/116] Building C object esp-idf/soc/CMakeFiles/__idf_soc.dir/esp32s3/lcd_periph.c.obj
[86/116] Building C object esp-idf/soc/CMakeFiles/__idf_soc.dir/esp32s3/touch_sensor_periph.c.obj
[87/116] Building C object esp-idf/soc/CMakeFiles/__idf_soc.dir/esp32s3/mcpwm_periph.c.obj
[88/116] Linking C static library esp-idf/efuse/libefuse.a
[89/116] Building C object esp-idf/soc/CMakeFiles/__idf_soc.dir/esp32s3/timer_periph.c.obj
[90/116] Building C object esp-idf/hal/CMakeFiles/__idf_hal.dir/mmu_hal.c.obj
[91/116] Generating project_elf_src_esp32s3.c
[92/116] Building C object esp-idf/soc/CMakeFiles/__idf_soc.dir/esp32s3/twai_periph.c.obj
[93/116] Building C object esp-idf/soc/CMakeFiles/__idf_soc.dir/esp32s3/wdt_periph.c.obj
[94/116] Building C object esp-idf/soc/CMakeFiles/__idf_soc.dir/esp32s3/usb_dwc_periph.c.obj
[95/116] Building C object esp-idf/soc/CMakeFiles/__idf_soc.dir/esp32s3/mpi_periph.c.obj
[96/116] Building C object esp-idf/soc/CMakeFiles/__idf_soc.dir/esp32s3/sdmmc_periph.c.obj
[97/116] Building C object esp-idf/soc/CMakeFiles/__idf_soc.dir/esp32s3/cam_periph.c.obj
[98/116] Building C object esp-idf/hal/CMakeFiles/__idf_hal.dir/cache_hal.c.obj
[99/116] Building C object esp-idf/xtensa/CMakeFiles/__idf_xtensa.dir/eri.c.obj
[100/116] Building C object CMakeFiles/bootloader.elf.dir/project_elf_src_esp32s3.c.obj
[101/116] Building C object esp-idf/xtensa/CMakeFiles/__idf_xtensa.dir/xt_trax.c.obj
[102/116] Building C object esp-idf/soc/CMakeFiles/__idf_soc.dir/esp32s3/rtc_io_periph.c.obj
[103/116] Building C object esp-idf/main/CMakeFiles/__idf_main.dir/bootloader_start.c.obj
[104/116] Building C object esp-idf/bootloader_support/CMakeFiles/__idf_bootloader_support.dir/src/esp_image_format.c.obj
[105/116] Linking C static library esp-idf/bootloader_support/libbootloader_support.a
[106/116] Linking C static library esp-idf/esp_bootloader_format/libesp_bootloader_format.a
[107/116] Linking C static library esp-idf/spi_flash/libspi_flash.a
[108/116] Linking C static library esp-idf/hal/libhal.a
[109/116] Building C object esp-idf/micro-ecc/CMakeFiles/__idf_micro-ecc.dir/uECC_verify_antifault.c.obj
[110/116] Linking C static library esp-idf/micro-ecc/libmicro-ecc.a
[111/116] Linking C static library esp-idf/soc/libsoc.a
[112/116] Linking C static library esp-idf/xtensa/libxtensa.a
[113/116] Linking C static library esp-idf/main/libmain.a
[114/116] Linking C executable bootloader.elf
[115/116] Generating binary image from built executable
esptool.py v4.12.0
Creating esp32s3 image...
Merged 2 ELF sections
Successfully created esp32s3 image.
Generated /tmp/tmp.mPyyQwp3UA/idf-build/bootloader/bootloader.bin
[116/116] cd /tmp/tmp.mPyyQwp3UA/idf-build/bootloader/esp-idf/esptool_py && /home/pncosta/.espressif/python_env/idf5.4_py3.14_env/bin/python /home/pncosta/esp/esp-idf/components/partition_table/check_sizes.py --offset 0x8000 bootloader 0x0 /tmp/tmp.mPyyQwp3UA/idf-build/bootloader/bootloader.bin
Bootloader binary size 0x57c0 bytes. 0x2840 bytes (31%) free.
[1223/1233] No install step for 'bootloader'
[1224/1233] Completed 'bootloader'
[1225/1233] Building CXX object esp-idf/main/CMakeFiles/__idf_main.dir/services/espNowService.cpp.obj
[1226/1233] Building CXX object esp-idf/main/CMakeFiles/__idf_main.dir/main.cpp.obj
[1227/1233] Building CXX object esp-idf/main/CMakeFiles/__idf_main.dir/config/configCommandHandler.cpp.obj
[1228/1233] Linking C static library esp-idf/main/libmain.a
[1229/1233] Generating ld/sections.ld
[1230/1233] Building C object CMakeFiles/domes.elf.dir/project_elf_src_esp32s3.c.obj
[1231/1233] Linking CXX executable domes.elf
[1232/1233] Generating binary image from built executable
esptool.py v4.12.0
Creating esp32s3 image...
Merged 2 ELF sections
Successfully created esp32s3 image.
Generated /tmp/tmp.mPyyQwp3UA/idf-build/domes.bin
[1233/1233] cd /tmp/tmp.mPyyQwp3UA/idf-build/esp-idf/esptool_py && /home/pncosta/.espressif/python_env/idf5.4_py3.14_env/bin/python /home/pncosta/esp/esp-idf/components/partition_table/check_sizes.py --offset 0x8000 partition --type app /tmp/tmp.mPyyQwp3UA/idf-build/partition_table/partition-table.bin /tmp/tmp.mPyyQwp3UA/idf-build/domes.bin
domes.bin binary size 0x15dea0 bytes. Smallest app partition is 0x1e0000 bytes. 0x82160 bytes (27%) free.

Project build complete. To flash, run:
 idf.py flash
or
 idf.py -p PORT flash
or
 python -m esptool --chip esp32s3 -b 460800 --before default_reset --after hard_reset write_flash --flash_mode dio --flash_size 8MB --flash_freq 80m 0x0 ../../../../../../../tmp/tmp.mPyyQwp3UA/idf-build/bootloader/bootloader.bin 0x8000 ../../../../../../../tmp/tmp.mPyyQwp3UA/idf-build/partition_table/partition-table.bin 0xf000 ../../../../../../../tmp/tmp.mPyyQwp3UA/idf-build/ota_data_initial.bin 0x20000 ../../../../../../../tmp/tmp.mPyyQwp3UA/idf-build/domes.bin
or from the "/tmp/tmp.mPyyQwp3UA/idf-build" directory
 python -m esptool --chip esp32s3 -b 460800 --before default_reset --after hard_reset write_flash "@flash_args"
Binary size: 1433248 / 1966080 bytes
esptool.py --chip esp32s3 merge_bin -o /tmp/tmp.mPyyQwp3UA/firmware-release/domes-factory.bin --flash_mode dio --flash_freq 80m --flash_size 8MB 0x0 bootloader/bootloader.bin 0x20000 domes.bin 0x8000 partition_table/partition-table.bin 0xf000 ota_data_initial.bin
esptool.py v4.12.0
SHA digest in image updated
Wrote 0x17dea0 bytes to file /tmp/tmp.mPyyQwp3UA/firmware-release/domes-factory.bin, ready to flash to offset 0x0
esptool.py v4.12.0
File size: 1433248 (bytes)
Image version: 1
Entry point: 40375874
6 segments

Segment 1: len 0x4d72c load 0x3c0f0020 file_offs 0x00000018 [DROM]
Segment 2: len 0x028c4 load 0x3fca3300 file_offs 0x0004d74c [BYTE_ACCESSIBLE,MEM_INTERNAL,DRAM]
Segment 3: len 0xeb40c load 0x42000020 file_offs 0x00050018 [IROM]
Segment 4: len 0x037d4 load 0x3fca5bc4 file_offs 0x0013b42c [BYTE_ACCESSIBLE,MEM_INTERNAL,DRAM]
Segment 5: len 0x1f248 load 0x40374000 file_offs 0x0013ec08 [MEM_INTERNAL,IRAM]
Segment 6: len 0x0001c load 0x50000000 file_offs 0x0015de58 [RTC_DATA]
Checksum: 15 (valid)
Validation Hash: cb46e4a7b9d5b2feeb4878eb0fbe733574994fa64eda5b1d8f41e3ed77c3ca02 (valid)
esptool.py v4.12.0
File size: 1564320 (bytes)
Image version: 1
Entry point: 403c894c
4 segments

Segment 1: len 0x0170c load 0x3fce2820 file_offs 0x00000018 [BYTE_ACCESSIBLE,MEM_INTERNAL,DRAM]
Segment 2: len 0x00004 load 0x403c8700 file_offs 0x0000172c [MEM_INTERNAL,IRAM]
Segment 3: len 0x00e88 load 0x403c8704 file_offs 0x00001738 [MEM_INTERNAL,IRAM]
Segment 4: len 0x031c4 load 0x403cb700 file_offs 0x000025c8 [MEM_INTERNAL,IRAM]
Checksum: 27 (valid)
Validation Hash: bb5cfd7047869709f217ae87ca93207518e0df303b8b1765ae61ce909322e89c (valid)
domes.bin: OK
domes-factory.bin: OK
bootloader.bin: OK
partition-table.bin: OK
ota_data_initial.bin: OK
flash_args: OK
[0;32mPASS[0m ESP-IDF Firmware (23s)
Verification summary: 3 passed, 0 failed, 3 skipped
Hardware status:
  OUTSTANDING single_device: Flash one pod and verify the affected runtime behavior.
[0;32mAll selected checks passed.[0m

Script done on 2026-08-04 18:36:50-07:00 [COMMAND_EXIT_CODE="0"]
